date,geo,country,pca_raw,wage_pressure_index,wage_pressure_ma3m,wage_pressure_ma12m
2004-01-01,DE,Germany,-3.9696,0,0,0
2004-02-01,DE,Germany,-3.6326,5.1528,2.5764,2.5764
2004-03-01,DE,Germany,-3.6364,5.0945,3.4158,3.4158
2004-04-01,DE,Germany,-3.5773,5.9971,5.4148,4.0611
2004-05-01,DE,Germany,-3.4829,7.4414,6.1777,4.7372
2004-06-01,DE,Germany,-3.4003,8.7029,7.3805,5.3981
2004-07-01,DE,Germany,-3.3185,9.9548,8.6997,6.0491
2004-08-01,DE,Germany,-3.2596,10.854,9.8372,6.6497
2004-09-01,DE,Germany,-3.2394,11.1628,10.6572,7.1511
2004-10-01,DE,Germany,-3.2829,10.4987,10.8385,7.4859
2004-11-01,DE,Germany,-3.3326,9.7384,10.4666,7.6907
2004-12-01,DE,Germany,-3.3533,9.4223,9.8865,7.835
2005-01-01,DE,Germany,-3.2763,10.6,9.9202,8.7183
2005-02-01,DE,Germany,-3.2152,11.5337,10.5187,9.25
2005-03-01,DE,Germany,-3.1003,13.29,11.8079,9.933
2005-04-01,DE,Germany,-3.055,13.9833,12.9356,10.5985
2005-05-01,DE,Germany,-3.0824,13.5635,13.6123,11.1087
2005-06-01,DE,Germany,-3.112,13.1114,13.5527,11.4761
2005-07-01,DE,Germany,-3.0855,13.5164,13.3971,11.7729
2005-08-01,DE,Germany,-2.9991,14.8376,13.8218,12.1048
2005-09-01,DE,Germany,-2.8882,16.5328,14.9623,12.5523
2005-10-01,DE,Germany,-2.7144,19.1891,16.8531,13.2765
2005-11-01,DE,Germany,-2.5163,22.2182,19.3133,14.3165
2005-12-01,DE,Germany,-2.3562,24.6663,22.0245,15.5868
2006-01-01,DE,Germany,-2.2548,26.2167,24.3671,16.8882
2006-02-01,DE,Germany,-2.2039,26.9938,25.9589,18.1766
2006-03-01,DE,Germany,-2.1787,27.3795,26.8633,19.3507
2006-04-01,DE,Germany,-2.1081,28.4585,27.6106,20.557
2006-05-01,DE,Germany,-1.943,30.9823,28.9401,22.0085
2006-06-01,DE,Germany,-1.7543,33.8685,31.1031,23.7383
2006-07-01,DE,Germany,-1.6623000000000001,35.2746,33.3751,25.5515
2006-08-01,DE,Germany,-1.6595,35.317,34.8201,27.2581
2006-09-01,DE,Germany,-1.649,35.4774,35.3563,28.8368
2006-10-01,DE,Germany,-1.6231,35.8739,35.5561,30.2272
2006-11-01,DE,Germany,-1.6076,36.1108,35.8207,31.385
2006-12-01,DE,Germany,-1.5719,36.6558,36.2135,32.3841
2007-01-01,DE,Germany,-1.5231,37.4019,36.7228,33.3162
2007-02-01,DE,Germany,-1.4777,38.0963,37.3846,34.2414
2007-03-01,DE,Germany,-1.4225,38.9405,38.1462,35.2048
2007-04-01,DE,Germany,-1.3567,39.9463,38.9943,36.1621
2007-05-01,DE,Germany,-1.3648,39.8221,39.5696,36.8988
2007-06-01,DE,Germany,-1.4076,39.1679,39.6454,37.3404
2007-07-01,DE,Germany,-1.4004,39.2782,39.4227,37.674
2007-08-01,DE,Germany,-1.3421,40.1698,39.5386,38.0784
2007-09-01,DE,Germany,-1.2891,40.9802,40.1427,38.537
2007-10-01,DE,Germany,-1.264,41.3629,40.8376,38.9944
2007-11-01,DE,Germany,-1.2368,41.7801,41.3744,39.4668
2007-12-01,DE,Germany,-1.2131,42.1425,41.7618,39.924
2008-01-01,DE,Germany,-1.2007,42.3318,42.0848,40.3349
2008-02-01,DE,Germany,-1.1893,42.5062,42.3268,40.7024
2008-03-01,DE,Germany,-1.1877,42.5294,42.4558,41.0014
2008-04-01,DE,Germany,-1.1614,42.9316,42.6557,41.2502
2008-05-01,DE,Germany,-1.0731,44.2814,43.2475,41.6218
2008-06-01,DE,Germany,-0.9821,45.673,44.2953,42.1639
2008-07-01,DE,Germany,-0.9422,46.2827,45.4124,42.7476
2008-08-01,DE,Germany,-0.9446,46.2466,46.0674,43.254
2008-09-01,DE,Germany,-0.9688,45.8772,46.1355,43.6621
2008-10-01,DE,Germany,-1.0176,45.131,45.7516,43.9761
2008-11-01,DE,Germany,-1.0848,44.1036,45.0372,44.1697
2008-12-01,DE,Germany,-1.1447,43.1882,44.1409,44.2569
2009-01-01,DE,Germany,-1.1613,42.9339,43.4086,44.3071
2009-02-01,DE,Germany,-1.1343,43.3467,43.1563,44.3771
2009-03-01,DE,Germany,-1.1137,43.6622,43.3143,44.4715
2009-04-01,DE,Germany,-1.1462,43.1644,43.3911,44.4909
2009-05-01,DE,Germany,-1.2339,41.8235,42.8834,44.2861
2009-06-01,DE,Germany,-1.3485,40.0712,41.6864,43.8193
2009-07-01,DE,Germany,-1.4382,38.7008,40.1985,43.1874
2009-08-01,DE,Germany,-1.4926,37.8693,38.8804,42.4893
2009-09-01,DE,Germany,-1.518,37.4809,38.017,41.7896
2009-10-01,DE,Germany,-1.482,38.0302,37.7935,41.1979
2009-11-01,DE,Germany,-1.4048,39.2111,38.2407,40.7902
2009-12-01,DE,Germany,-1.327,40.4004,39.2139,40.5579
2010-01-01,DE,Germany,-1.2831,41.0723,40.2279,40.4027
2010-02-01,DE,Germany,-1.2755,41.1877,40.8868,40.2228
2010-03-01,DE,Germany,-1.2547,41.5064,41.2555,40.0432
2010-04-01,DE,Germany,-1.2145,42.1196,41.6046,39.9561
2010-05-01,DE,Germany,-1.1589,42.9697,42.1986,40.0516
2010-06-01,DE,Germany,-1.0504,44.6295,43.2396,40.4315
2010-07-01,DE,Germany,-0.9215,46.6005,44.7332,41.0898
2010-08-01,DE,Germany,-0.8094,48.3138,46.5146,41.9602
2010-09-01,DE,Germany,-0.7181,49.7095,48.2079,42.9792
2010-10-01,DE,Germany,-0.6771,50.3361,49.4531,44.0047
2010-11-01,DE,Germany,-0.6693,50.4552,50.1669,44.9417
2010-12-01,DE,Germany,-0.6751,50.3664,50.3859,45.7722
2011-01-01,DE,Germany,-0.6902,50.1361,50.3192,46.5276
2011-02-01,DE,Germany,-0.6961,50.0463,50.1829,47.2658
2011-03-01,DE,Germany,-0.6981,50.0148,50.0657,47.9748
2011-04-01,DE,Germany,-0.6799,50.2941,50.1184,48.656
2011-05-01,DE,Germany,-0.6451,50.8252,50.378,49.3106
2011-06-01,DE,Germany,-0.6437,50.8469,50.6554,49.8287
2011-07-01,DE,Germany,-0.6634,50.5457,50.7393,50.1575
2011-08-01,DE,Germany,-0.6789,50.3089,50.5672,50.3238
2011-09-01,DE,Germany,-0.6874,50.1787,50.3444,50.3629
2011-10-01,DE,Germany,-0.6753,50.3634,50.2837,50.3651
2011-11-01,DE,Germany,-0.6534,50.6989,50.4137,50.3855
2011-12-01,DE,Germany,-0.6217,51.1828,50.7484,50.4535
2012-01-01,DE,Germany,-0.5713,51.9533,51.2783,50.6049
2012-02-01,DE,Germany,-0.5273,52.626,51.9207,50.8199
2012-03-01,DE,Germany,-0.5075,52.9296,52.503,51.0628
2012-04-01,DE,Germany,-0.5144,52.8244,52.7933,51.2737
2012-05-01,DE,Germany,-0.5306,52.5762,52.7767,51.4196
2012-06-01,DE,Germany,-0.533,52.5387,52.6464,51.5606
2012-07-01,DE,Germany,-0.5232,52.6894,52.6014,51.7392
2012-08-01,DE,Germany,-0.5102,52.888,52.7053,51.9541
2012-09-01,DE,Germany,-0.5011,53.0264,52.8679,52.1914
2012-10-01,DE,Germany,-0.5006,53.034,52.9828,52.414
2012-11-01,DE,Germany,-0.5073,52.9318,52.9974,52.6
2012-12-01,DE,Germany,-0.5204,52.7314,52.8991,52.7291
2013-01-01,DE,Germany,-0.5412,52.4143,52.6925,52.7675
2013-02-01,DE,Germany,-0.5439,52.3733,52.5063,52.7465
2013-03-01,DE,Germany,-0.5151,52.813,52.5335,52.7367
2013-04-01,DE,Germany,-0.4797,53.3542,52.8468,52.7809
2013-05-01,DE,Germany,-0.4483,53.8344,53.3338,52.8857
2013-06-01,DE,Germany,-0.425,54.1904,53.793,53.0234
2013-07-01,DE,Germany,-0.4111,54.403,54.1426,53.1662
2013-08-01,DE,Germany,-0.3913,54.7055,54.433,53.3176
2013-09-01,DE,Germany,-0.3641,55.1209,54.7431,53.4922
2013-10-01,DE,Germany,-0.3374,55.5291,55.1185,53.7001
2013-11-01,DE,Germany,-0.309,55.9645,55.5382,53.9528
2013-12-01,DE,Germany,-0.2877,56.2899,55.9278,54.2494
2014-01-01,DE,Germany,-0.2721,56.5285,56.261,54.5922
2014-02-01,DE,Germany,-0.2673,56.6019,56.4734,54.9446
2014-03-01,DE,Germany,-0.27,56.5606,56.5637,55.2569
2014-04-01,DE,Germany,-0.2551,56.7882,56.6502,55.5431
2014-05-01,DE,Germany,-0.2277,57.2067,56.8518,55.8241
2014-06-01,DE,Germany,-0.189,57.7985,57.2645,56.1248
2014-07-01,DE,Germany,-0.1402,58.5439,57.8497,56.4699
2014-08-01,DE,Germany,-0.1046,59.0888,58.4771,56.8351
2014-09-01,DE,Germany,-0.075,59.5416,59.0581,57.2035
2014-10-01,DE,Germany,-0.0305,60.2218,59.6174,57.5946
2014-11-01,DE,Germany,0.0377,61.2639,60.3424,58.0362
2014-12-01,DE,Germany,0.1425,62.8657,61.4505,58.5842
2015-01-01,DE,Germany,0.2696,64.8095,62.9797,59.2743
2015-02-01,DE,Germany,0.377,66.4518,64.709,60.0951
2015-03-01,DE,Germany,0.4557,67.6548,66.3053,61.0196
2015-04-01,DE,Germany,0.5167,68.5873,67.5646,62.0029
2015-05-01,DE,Germany,0.5617,69.2753,68.5058,63.0086
2015-06-01,DE,Germany,0.5821,69.5877,69.1501,63.991
2015-07-01,DE,Germany,0.5878,69.6736,69.512200000000007,64.9185
2015-08-01,DE,Germany,0.6012,69.8794,69.7136,65.8177
2015-09-01,DE,Germany,0.613,70.0601,69.871,66.6942
2015-10-01,DE,Germany,0.603,69.9065,69.9487,67.5013
2015-11-01,DE,Germany,0.5671,69.3581,69.7749,68.1758
2015-12-01,DE,Germany,0.4952,68.259,69.1745,68.6252
2016-01-01,DE,Germany,0.402,66.8332,68.1501,68.7939
2016-02-01,DE,Germany,0.3451,65.9641,67.0188,68.7533
2016-03-01,DE,Germany,0.3141,65.4895,66.0956,68.5728
2016-04-01,DE,Germany,0.2702,64.8187,65.4241,68.2588
2016-05-01,DE,Germany,0.2351,64.2823,64.8635,67.8427
2016-06-01,DE,Germany,0.2357,64.2905,64.4639,67.4013
2016-07-01,DE,Germany,0.2532,64.5581,64.377,66.975
2016-08-01,DE,Germany,0.2618,64.6899,64.5129,66.5425
2016-09-01,DE,Germany,0.2757,64.9032,64.7171,66.1128
2016-10-01,DE,Germany,0.3017,65.2996,64.9642,65.7289
2016-11-01,DE,Germany,0.3253,65.6605,65.2878,65.4207
2016-12-01,DE,Germany,0.3676,66.3074,65.7559,65.2581
2017-01-01,DE,Germany,0.4329,67.3057,66.4245,65.2975
2017-02-01,DE,Germany,0.4797,68.0211,67.2114,65.4689
2017-03-01,DE,Germany,0.5115,68.5076,67.9448,65.7204
2017-04-01,DE,Germany,0.5583,69.2237,68.5841,66.0875
2017-05-01,DE,Germany,0.6053,69.9417,69.2243,66.5591
2017-06-01,DE,Germany,0.6276,70.2832,69.8162,67.0585
2017-07-01,DE,Germany,0.6375,70.4341,70.2197,67.5482
2017-08-01,DE,Germany,0.6544,70.6922,70.4698,68.0483
2017-09-01,DE,Germany,0.6682,70.9039,70.6767,68.5484
2017-10-01,DE,Germany,0.6858,71.1721,70.9227,69.0378
2017-11-01,DE,Germany,0.7087,71.522,71.1993,69.5262
2017-12-01,DE,Germany,0.7054,71.4717,71.3886,69.9566
2018-01-01,DE,Germany,0.6641,70.8406,71.2781,70.2512
2018-02-01,DE,Germany,0.6226,70.2058,70.8394,70.4332
2018-03-01,DE,Germany,0.6101,70.0149,70.3537,70.5588
2018-04-01,DE,Germany,0.6161,70.107,70.1092,70.6324
2018-05-01,DE,Germany,0.6261,70.2601,70.1273,70.659
2018-06-01,DE,Germany,0.6406,70.4813,70.2828,70.6755
2018-07-01,DE,Germany,0.654,70.6864,70.4759,70.6965
2018-08-01,DE,Germany,0.6707,70.9409,70.7028,70.7172
2018-09-01,DE,Germany,0.6927,71.2776,70.9683,70.7484
2018-10-01,DE,Germany,0.7149,71.617,71.2785,70.7854
2018-11-01,DE,Germany,0.7468,72.1055,71.6667,70.8341
2018-12-01,DE,Germany,0.8032,72.9676,72.23,70.9587
2019-01-01,DE,Germany,0.8823,74.177,73.0834,71.2367
2019-02-01,DE,Germany,0.9671,75.4733,74.206,71.6757
2019-03-01,DE,Germany,1.0457,76.675,75.4418,72.2307
2019-04-01,DE,Germany,1.1116,77.6815,76.6099,72.8619
2019-05-01,DE,Germany,1.1596,78.4158,77.5908,73.5416
2019-06-01,DE,Germany,1.1987,79.0134,78.3702,74.2526
2019-07-01,DE,Germany,1.2401,79.6472,79.0255,74.9993
2019-08-01,DE,Germany,1.2752,80.1831,79.6146,75.7695
2019-09-01,DE,Germany,1.2971,80.5188,80.1164,76.5396
2019-10-01,DE,Germany,1.3037,80.6196,80.4405,77.2898
2019-11-01,DE,Germany,1.302,80.5935,80.5773,77.9972
2019-12-01,DE,Germany,1.3051,80.6407,80.6179,78.6366
2020-01-01,DE,Germany,1.312,80.7456,80.6599,79.184
2020-02-01,DE,Germany,1.308,80.6846,80.6903,79.6182
2020-03-01,DE,Germany,1.2527,79.8385,80.4229,79.8819
2020-04-01,DE,Germany,1.1623000000000001,78.4569,79.66,79.9465
2020-05-01,DE,Germany,1.1012,77.523,78.6062,79.8721
2020-06-01,DE,Germany,1.0704,77.0517,77.6772,79.7086
2020-07-01,DE,Germany,1.0448,76.6606,77.0784,79.4597
2020-08-01,DE,Germany,1.017,76.2364,76.6495,79.1308
2020-09-01,DE,Germany,0.9905,75.8313,76.2427,78.7402
2020-10-01,DE,Germany,0.9789,75.6528,75.9068,78.3263
2020-11-01,DE,Germany,0.9727,75.5582,75.6808,77.9067
2020-12-01,DE,Germany,0.9554,75.2942,75.5017,77.4612
2021-01-01,DE,Germany,0.9371,75.0143,75.2889,76.9835
2021-02-01,DE,Germany,0.9358,74.9944,75.101,76.5094
2021-03-01,DE,Germany,0.9911,75.84,75.2829,76.1761
2021-04-01,DE,Germany,1.0846,77.2697,76.0347,76.0772
2021-05-01,DE,Germany,1.1344,78.0304,77.0467,76.1195
2021-06-01,DE,Germany,1.1434,78.1686,77.8229,76.2126
2021-07-01,DE,Germany,1.1533,78.3197,78.1729,76.3508
2021-08-01,DE,Germany,1.1821,78.7604,78.4163,76.5612
2021-09-01,DE,Germany,1.2368,79.5964,78.8922,76.8749
2021-10-01,DE,Germany,1.3062,80.6566,79.6712,77.2919
2021-11-01,DE,Germany,1.389,81.9228,80.7253,77.8223
2021-12-01,DE,Germany,1.4873,83.4258,82.0017,78.4999
2022-01-01,DE,Germany,1.5885,84.9725,83.4404,79.3298
2022-02-01,DE,Germany,1.6904,86.531,84.9764,80.2912
2022-03-01,DE,Germany,1.79,88.0542,86.5192,81.309
2022-04-01,DE,Germany,1.8865,89.5287,88.038,82.3306
2022-05-01,DE,Germany,2.0102,91.4198,89.6676,83.4464
2022-06-01,DE,Germany,2.1603,93.7155,91.5547,84.742
2022-07-01,DE,Germany,2.3025,95.8894,93.6749,86.2061
2022-08-01,DE,Germany,2.4198,97.6824,95.7624,87.7829
2022-09-01,DE,Germany,2.5027,98.9494,97.507,89.3957
2022-10-01,DE,Germany,2.542,99.5497,98.7272,90.9701
2022-11-01,DE,Germany,2.5453,99.6009,99.3666,92.4433
2022-12-01,DE,Germany,2.5064,99.0056,99.3854,93.7416
2023-01-01,DE,Germany,2.417,97.64,98.7488,94.7972
2023-02-01,DE,Germany,2.29,95.6977,97.4478,95.5611
2023-03-01,DE,Germany,2.1214,93.1194,95.4857,95.9832
2023-04-01,DE,Germany,1.9528,90.5422,93.1198,96.0677
2023-05-01,DE,Germany,1.8434,88.8703,90.844,95.8552
2023-06-01,DE,Germany,1.7563,87.538,88.9835,95.3404
2023-07-01,DE,Germany,1.6574,86.026,87.4781,94.5185
2023-08-01,DE,Germany,1.5614,84.559,86.041,93.4249
2023-09-01,DE,Germany,1.4864,83.4125,84.6658,92.1301
2023-10-01,DE,Germany,1.4232,82.4465,83.4727,90.7048
2023-11-01,DE,Germany,1.3557,81.414,82.4243,89.1893
2023-12-01,DE,Germany,1.3226,80.908,81.5895,87.6811
2024-01-01,DE,Germany,1.3752,81.7115,81.3445,86.3538
2024-02-01,DE,Germany,1.4809,83.3279,81.9825,85.3229
2024-03-01,DE,Germany,1.6223,85.4892,83.5095,84.6871
2024-04-01,DE,Germany,1.7497,87.4372,85.4181,84.4283
2024-05-01,DE,Germany,1.7834,87.9529,86.9598,84.3519
2024-06-01,DE,Germany,1.7681,87.7186,87.7029,84.3669
2024-07-01,DE,Germany,1.7743,87.813,87.8282,84.5159
2024-08-01,DE,Germany,1.7992,88.194,87.9085,84.8188
2024-09-01,DE,Germany,1.8142,88.4243,88.1438,85.2364
2024-10-01,DE,Germany,1.8412,88.8361,88.4848,85.7689
2024-11-01,DE,Germany,1.8944,89.6495,88.9699,86.4552
2024-12-01,DE,Germany,1.942,90.3781,89.6212,87.2444
2025-01-01,DE,Germany,1.9527,90.5406,90.1894,87.9801
2025-02-01,DE,Germany,1.9335,90.2472,90.3886,88.5567
2025-03-01,DE,Germany,1.8738,89.3347,90.0408,88.8772
2025-04-01,DE,Germany,1.8101,88.3614,89.3144,88.9542
2025-05-01,DE,Germany,1.7907,88.0648,88.587,88.9635
2025-06-01,DE,Germany,1.8155,88.4438,88.29,89.024
2025-07-01,DE,Germany,1.859,89.1082,88.539,89.1319
2025-08-01,DE,Germany,1.8767,89.3789,88.977,89.2306
2025-09-01,DE,Germany,1.8992,89.7238,89.4036,89.3389
2025-10-01,DE,Germany,1.9647,90.7247,89.9425,89.4963
2025-11-01,DE,Germany,2.0491,92.0151,90.8212,89.6935
2025-12-01,DE,Germany,2.1339,93.3106,92.0168,89.9378
2026-01-01,DE,Germany,2.2009,94.3352,93.2203,90.254
2026-02-01,DE,Germany,2.2639,95.298,94.3146,90.6749
2026-03-01,DE,Germany,2.3817,97.1,95.5777,91.322
2026-04-01,DE,Germany,2.5144,99.1289,97.1756,92.2193
2026-05-01,DE,Germany,2.5714,100,98.743,93.2139
2026-06-01,DE,Germany,2.5521,99.7046,99.6112,94.1523
2026-07-01,DE,Germany,2.4961,98.8491,99.5179,94.9641
2026-08-01,DE,Germany,2.4841,98.6653,99.073,95.7379
2004-01-01,ES,Spain,-1.2506,9.7547,9.7547,9.7547
2004-02-01,ES,Spain,-1.2515,9.7365,9.7456,9.7456
2004-03-01,ES,Spain,-1.2042,10.619,10.0367,10.0367
2004-04-01,ES,Spain,-1.1325,11.9567,10.7707,10.5167
2004-05-01,ES,Spain,-1.0033,14.3681,12.3146,11.287
2004-06-01,ES,Spain,-1.0413,13.6588,13.3279,11.6823
2004-07-01,ES,Spain,-1.1039,12.4905,13.5058,11.7978
2004-08-01,ES,Spain,-1.1151,12.2816,12.8103,11.8582
2004-09-01,ES,Spain,-1.095,12.6558,12.4759,11.9468
2004-10-01,ES,Spain,-1.0797,12.942,12.6264,12.0464
2004-11-01,ES,Spain,-1.0933,12.689,12.7623,12.1048
2004-12-01,ES,Spain,-1.1359,11.8945,12.5085,12.0873
2005-01-01,ES,Spain,-1.1237,12.1216,12.235,12.2845
2005-02-01,ES,Spain,-1.1139,12.3034,12.1065,12.4984
2005-03-01,ES,Spain,-1.2199,10.326,11.5837,12.474
2005-04-01,ES,Spain,-1.4327,6.3559,9.6618,12.0073
2005-05-01,ES,Spain,-1.6251,2.7665,6.4828,11.0405
2005-06-01,ES,Spain,-1.6266,2.7392,3.9539,10.1305
2005-07-01,ES,Spain,-1.5758,3.6871,3.0643,9.3969
2005-08-01,ES,Spain,-1.5619,3.9462,3.4575,8.7023
2005-09-01,ES,Spain,-1.5684,3.8256,3.8196,7.9664
2005-10-01,ES,Spain,-1.5824,3.5637,3.7785,7.1849
2005-11-01,ES,Spain,-1.5805,3.6001,3.6631,6.4275
2005-12-01,ES,Spain,-1.6014,3.2092,3.4576,5.7037
2006-01-01,ES,Spain,-1.7074,1.2321,2.6805,4.7962
2006-02-01,ES,Spain,-1.7734,0,1.4804,3.771
2006-03-01,ES,Spain,-1.6886,1.5834,0.9385,3.0424
2006-04-01,ES,Spain,-1.4901,5.2867,2.29,2.9533
2006-05-01,ES,Spain,-1.365,7.6203,4.8301,3.3578
2006-06-01,ES,Spain,-1.3913,7.1284,6.6785,3.7236
2006-07-01,ES,Spain,-1.4357,6.3003,7.0163,3.9413
2006-08-01,ES,Spain,-1.4773,5.5246,6.3177,4.0729
2006-09-01,ES,Spain,-1.5478,4.2099,5.3449,4.1049
2006-10-01,ES,Spain,-1.5942,3.3437,4.3594,4.0866
2006-11-01,ES,Spain,-1.6022,3.1942,3.5826,4.0527
2006-12-01,ES,Spain,-1.4961,5.1734,3.9038,4.2164
2007-01-01,ES,Spain,-1.3372,8.139,5.5022,4.792
2007-02-01,ES,Spain,-1.3031,8.7739,7.3621,5.5231
2007-03-01,ES,Spain,-1.3362,8.1569,8.3566,6.0709
2007-04-01,ES,Spain,-1.3669,7.5835,8.1714,6.2623
2007-05-01,ES,Spain,-1.3642,7.6354,7.792,6.2636
2007-06-01,ES,Spain,-1.3593,7.7256,7.6482,6.3134
2007-07-01,ES,Spain,-1.3894,7.1651,7.5087,6.3854
2007-08-01,ES,Spain,-1.3894,7.1642,7.3517,6.5221
2007-09-01,ES,Spain,-1.3439,8.0141,7.4478,6.8391
2007-10-01,ES,Spain,-1.3156,8.5412,7.9065,7.2722
2007-11-01,ES,Spain,-1.3185,8.4881,8.3478,7.7134
2007-12-01,ES,Spain,-1.3555,7.796,8.2751,7.9319
2008-01-01,ES,Spain,-1.3641,7.6368,7.9736,7.8901
2008-02-01,ES,Spain,-1.2749,9.2998,8.2442,7.9339
2008-03-01,ES,Spain,-1.1832,11.0114,9.316,8.1718
2008-04-01,ES,Spain,-1.1529,11.5761,10.6291,8.5045
2008-05-01,ES,Spain,-1.1664,11.3243,11.3039,8.8119
2008-06-01,ES,Spain,-1.1527,11.5797,11.4933,9.1331
2008-07-01,ES,Spain,-1.1138,12.3065,11.7368,9.5615
2008-08-01,ES,Spain,-1.1053,12.4648,12.117,10.0032
2008-09-01,ES,Spain,-1.1148,12.2871,12.3528,10.3593
2008-10-01,ES,Spain,-1.1279,12.0431,12.265,10.6511
2008-11-01,ES,Spain,-1.1442,11.7393,12.0231,10.9221
2008-12-01,ES,Spain,-1.1924,10.8387,11.5403,11.1756
2009-01-01,ES,Spain,-1.2731,9.3346,10.6375,11.3171
2009-02-01,ES,Spain,-1.3381,8.1224,9.4319,11.219
2009-03-01,ES,Spain,-1.3859,7.2295,8.2288,10.9038
2009-04-01,ES,Spain,-1.3998,6.9701,7.4407,10.52
2009-05-01,ES,Spain,-1.3809,7.3238,7.1745,10.1866
2009-06-01,ES,Spain,-1.3711,7.5057,7.2665,9.8471
2009-07-01,ES,Spain,-1.3593,7.726,7.5185,9.4654
2009-08-01,ES,Spain,-1.3278,8.3129,7.8482,9.1194
2009-09-01,ES,Spain,-1.2932,8.9594,8.3328,8.8421
2009-10-01,ES,Spain,-1.2566,9.6414,8.9712,8.642
2009-11-01,ES,Spain,-1.216,10.3999,9.6669,8.5304
2009-12-01,ES,Spain,-1.1767,11.133,10.3914,8.5549
2010-01-01,ES,Spain,-1.1605,11.4338,10.9889,8.7298
2010-02-01,ES,Spain,-1.1593,11.4575,11.3414,9.0077
2010-03-01,ES,Spain,-1.16,11.4444,11.4452,9.359
2010-04-01,ES,Spain,-1.1566,11.5075,11.4698,9.7371
2010-05-01,ES,Spain,-1.1454,11.7165,11.5561,10.1032
2010-06-01,ES,Spain,-1.1346,11.9181,11.7141,10.4709
2010-07-01,ES,Spain,-1.1401,11.815,11.8165,10.8116
2010-08-01,ES,Spain,-1.1639,11.3719,11.7017,11.0665
2010-09-01,ES,Spain,-1.2036,10.6302,11.2724,11.2058
2010-10-01,ES,Spain,-1.2356,10.0332,10.6784,11.2384
2010-11-01,ES,Spain,-1.2662,9.4631,10.0422,11.1604
2010-12-01,ES,Spain,-1.3015,8.8045,9.4336,10.9663
2011-01-01,ES,Spain,-1.3222,8.4186,8.8954,10.715
2011-02-01,ES,Spain,-1.3458,7.9771,8.4001,10.425
2011-03-01,ES,Spain,-1.3417,8.0551,8.1503,10.1426
2011-04-01,ES,Spain,-1.3291,8.2892,8.1071,9.8744
2011-05-01,ES,Spain,-1.3445,8.0023,8.1155,9.5649
2011-06-01,ES,Spain,-1.3575,7.7594,8.0169,9.2183
2011-07-01,ES,Spain,-1.3663,7.5962,7.786,8.8667
2011-08-01,ES,Spain,-1.3771,7.3937,7.5831,8.5352
2011-09-01,ES,Spain,-1.3737,7.4567,7.4822,8.2707
2011-10-01,ES,Spain,-1.374,7.4516,7.434,8.0556
2011-11-01,ES,Spain,-1.3698,7.5308,7.4797,7.8946
2011-12-01,ES,Spain,-1.3407,8.0726,7.685,7.8336
2012-01-01,ES,Spain,-1.2964,8.899,8.1675,7.8736
2012-02-01,ES,Spain,-1.2659,9.469,8.8135,7.9979
2012-03-01,ES,Spain,-1.2897,9.0245,9.1308,8.0787
2012-04-01,ES,Spain,-1.3345,8.1886,8.894,8.0703
2012-05-01,ES,Spain,-1.3555,7.7962,8.3364,8.0532
2012-06-01,ES,Spain,-1.3666,7.5905,7.8584,8.0391
2012-07-01,ES,Spain,-1.354,7.8246,7.7371,8.0581
2012-08-01,ES,Spain,-1.3224,8.4137,7.9429,8.1431
2012-09-01,ES,Spain,-1.3075,8.6927,8.3104,8.2461
2012-10-01,ES,Spain,-1.304,8.7582,8.6215,8.355
2012-11-01,ES,Spain,-1.3087,8.6696,8.7068,8.4499
2012-12-01,ES,Spain,-1.332,8.2362,8.5547,8.4636
2013-01-01,ES,Spain,-1.3741,7.4502,8.1187,8.3428
2013-02-01,ES,Spain,-1.4103,6.7751,7.4872,8.1183
2013-03-01,ES,Spain,-1.4138,6.7085,6.9779,7.9253
2013-04-01,ES,Spain,-1.3958,7.0454,6.843,7.8301
2013-05-01,ES,Spain,-1.382,7.3016,7.0185,7.7889
2013-06-01,ES,Spain,-1.3884,7.1831,7.1767,7.7549
2013-07-01,ES,Spain,-1.4193,6.6061,7.0303,7.6534
2013-08-01,ES,Spain,-1.4466,6.0975,6.6289,7.4604
2013-09-01,ES,Spain,-1.4419,6.185,6.2962,7.2514
2013-10-01,ES,Spain,-1.4218,6.5594,6.2806,7.0681
2013-11-01,ES,Spain,-1.4055,6.8638,6.5361,6.9177
2013-12-01,ES,Spain,-1.3857,7.234,6.8857,6.8341
2014-01-01,ES,Spain,-1.3695,7.5352,7.211,6.8412
2014-02-01,ES,Spain,-1.3531,7.8423,7.5371,6.9302
2014-03-01,ES,Spain,-1.33,8.273,7.8835,7.0605
2014-04-01,ES,Spain,-1.3122,8.605,8.2401,7.1905
2014-05-01,ES,Spain,-1.3069,8.7038,8.5272,7.3073
2014-06-01,ES,Spain,-1.288,9.0568,8.7885,7.4635
2014-07-01,ES,Spain,-1.2553,9.6659,9.1422,7.7185
2014-08-01,ES,Spain,-1.2348,10.0478,9.5902,8.0477
2014-09-01,ES,Spain,-1.2368,10.0113,9.9083,8.3665
2014-10-01,ES,Spain,-1.2501,9.7633,9.9408,8.6335
2014-11-01,ES,Spain,-1.2602,9.5739,9.7829,8.8594
2014-12-01,ES,Spain,-1.2695,9.4017,9.5796,9.04
2015-01-01,ES,Spain,-1.2601,9.5761,9.5172,9.2101
2015-02-01,ES,Spain,-1.23,10.1378,9.7052,9.4014
2015-03-01,ES,Spain,-1.2095,10.5212,10.0783,9.5887
2015-04-01,ES,Spain,-1.1913,10.8596,10.5062,9.7766
2015-05-01,ES,Spain,-1.1512,11.6087,10.9965,10.0187
2015-06-01,ES,Spain,-1.1089,12.3965,11.6216,10.297
2015-07-01,ES,Spain,-1.0795,12.9461,12.3171,10.5703
2015-08-01,ES,Spain,-1.058,13.3465,12.8964,10.8452
2015-09-01,ES,Spain,-1.0331,13.811,13.3679,11.1619
2015-10-01,ES,Spain,-0.9875,14.6628,13.9401,11.5702
2015-11-01,ES,Spain,-0.9358,15.6259,14.6999,12.0745
2015-12-01,ES,Spain,-0.907,16.1637,15.4841,12.638
2016-01-01,ES,Spain,-0.9016,16.2641,16.0179,13.1953
2016-02-01,ES,Spain,-0.902,16.2573,16.2284,13.7053
2016-03-01,ES,Spain,-0.8915,16.4527,16.3247,14.1996
2016-04-01,ES,Spain,-0.8718,16.8212,16.5104,14.6964
2016-05-01,ES,Spain,-0.8672,16.9057,16.7265,15.1378
2016-06-01,ES,Spain,-0.8925,16.4346,16.7205,15.4743
2016-07-01,ES,Spain,-0.9087,16.1313,16.4905,15.7397
2016-08-01,ES,Spain,-0.8859,16.5574,16.3744,16.0073
2016-09-01,ES,Spain,-0.8459,17.3044,16.6643,16.2984
2016-10-01,ES,Spain,-0.8132,17.9142,17.2586,16.5694
2016-11-01,ES,Spain,-0.7567,18.9672,18.0619,16.8478
2016-12-01,ES,Spain,-0.6496,20.9653,19.2822,17.2479
2017-01-01,ES,Spain,-0.5426,22.9627,20.965,17.8061
2017-02-01,ES,Spain,-0.4742,24.2377,22.7219,18.4712
2017-03-01,ES,Spain,-0.4193,25.2617,24.154,19.2053
2017-04-01,ES,Spain,-0.3648,26.2796,25.2597,19.9935
2017-05-01,ES,Spain,-0.2974,27.5356,26.359,20.8793
2017-06-01,ES,Spain,-0.197,29.4089,27.7414,21.9605
2017-07-01,ES,Spain,-0.0875,31.4514,29.4653,23.2372
2017-08-01,ES,Spain,0.0117,33.3031,31.3878,24.6326
2017-09-01,ES,Spain,0.0937,34.8317,33.1954,26.0932
2017-10-01,ES,Spain,0.1438,35.7667,34.6338,27.581
2017-11-01,ES,Spain,0.1493,35.8694,35.4892,28.9895
2017-12-01,ES,Spain,0.1279,35.4704,35.7021,30.1982
2018-01-01,ES,Spain,0.1282,35.4761,35.6053,31.241
2018-02-01,ES,Spain,0.1927,36.6801,35.8755,32.2779
2018-03-01,ES,Spain,0.3219,39.0898,37.082,33.4302
2018-04-01,ES,Spain,0.4304,41.113,38.961,34.6663
2018-05-01,ES,Spain,0.5305,42.9811,41.0613,35.9535
2018-06-01,ES,Spain,0.6706,45.5946,43.2296,37.3023
2018-07-01,ES,Spain,0.8108,48.2112,45.5956,38.6989
2018-08-01,ES,Spain,0.8927,49.7392,47.8483,40.068600000000004
2018-09-01,ES,Spain,0.9898,51.5503,49.8335,41.4618
2018-10-01,ES,Spain,1.1566,54.6611,51.9835,43.0364
2018-11-01,ES,Spain,1.3977,59.1598,55.1237,44.9772
2018-12-01,ES,Spain,1.7254,65.2733,59.6981,47.4608
2019-01-01,ES,Spain,2.0014,70.4213,64.9514,50.3729
2019-02-01,ES,Spain,2.1101,72.4493,69.3813,53.3537
2019-03-01,ES,Spain,2.1052,72.3588,71.7431,56.1261
2019-04-01,ES,Spain,2.1165,72.5688,72.459,58.7474
2019-05-01,ES,Spain,2.1211,72.6549,72.5275,61.2202
2019-06-01,ES,Spain,2.0574,71.4659,72.2299,63.3762
2019-07-01,ES,Spain,1.972,69.8736,71.3315,65.1814
2019-08-01,ES,Spain,1.9095,68.7074,70.0156,66.762
2019-09-01,ES,Spain,1.8006,66.6756,68.4189,68.0225
2019-10-01,ES,Spain,1.6429,63.7337,66.3722,68.7785
2019-11-01,ES,Spain,1.4224,59.6199,63.3431,68.8169
2019-12-01,ES,Spain,1.1916,55.3137,59.5558,67.9869
2020-01-01,ES,Spain,1.159,54.7064,56.5467,66.6773
2020-02-01,ES,Spain,1.208,55.6204,55.2135,65.2749
2020-03-01,ES,Spain,1.1776,55.0534,55.1267,63.8328
2020-04-01,ES,Spain,1.1124,53.8374,54.837,62.2719
2020-05-01,ES,Spain,1.0393,52.474,53.7883,60.5901
2020-06-01,ES,Spain,0.9677,51.1382,52.4832,58.8961
2020-07-01,ES,Spain,0.9082,50.027,51.2131,57.2423
2020-08-01,ES,Spain,0.8585,49.1002,50.0885,55.6083
2020-09-01,ES,Spain,0.8113,48.2197,49.1156,54.0703
2020-10-01,ES,Spain,0.7827,47.6856,48.3352,52.733
2020-11-01,ES,Spain,0.7916,47.8515,47.9189,51.7523
2020-12-01,ES,Spain,0.6371,44.9701,46.8357,50.8903
2021-01-01,ES,Spain,0.2593,37.9219,43.5812,49.4916
2021-02-01,ES,Spain,-0.0597,31.9717,38.2879,47.5209
2021-03-01,ES,Spain,-0.1776,29.771,33.2215,45.414
2021-04-01,ES,Spain,-0.1892,29.5556,30.4328,43.3905
2021-05-01,ES,Spain,-0.153,30.2303,29.8523,41.5369
2021-06-01,ES,Spain,-0.0723,31.7354,30.5071,39.92
2021-07-01,ES,Spain,3e-4,33.0908,31.6855,38.5086
2021-08-01,ES,Spain,0.1394,35.6843,33.5035,37.3907
2021-09-01,ES,Spain,0.3781,40.1382,36.3044,36.7172
2021-10-01,ES,Spain,0.5296,42.9645,39.5957,36.3238
2021-11-01,ES,Spain,0.5575,43.4853,42.196,35.9599
2021-12-01,ES,Spain,0.639,45.0062,43.8187,35.9629
2022-01-01,ES,Spain,0.8295,48.5586,45.6834,36.8493
2022-02-01,ES,Spain,1.1227,54.03,49.1983,38.6875
2022-03-01,ES,Spain,1.3854,58.9298,53.8395,41.1174
2022-04-01,ES,Spain,1.5342,61.7058,58.2218,43.7966
2022-05-01,ES,Spain,1.6134,63.1829,61.2728,46.5426
2022-06-01,ES,Spain,1.6752,64.3364,63.075,49.2594
2022-07-01,ES,Spain,1.7928,66.5308,64.6833,52.0461
2022-08-01,ES,Spain,1.8867,68.2819,66.383,54.7625
2022-09-01,ES,Spain,1.9288,69.0683,67.9603,57.1734
2022-10-01,ES,Spain,2.0773,71.8372,69.7292,59.5794
2022-11-01,ES,Spain,2.3401,76.7398,72.5485,62.3506
2022-12-01,ES,Spain,2.6208,81.9763,76.8511,65.4315
2023-01-01,ES,Spain,2.881,86.8314,81.8491,68.6209
2023-02-01,ES,Spain,3.0673,90.3061,86.3712,71.6439
2023-03-01,ES,Spain,3.1576,91.9916,89.7097,74.399
2023-04-01,ES,Spain,3.2518,93.7489,92.0155,77.0693
2023-05-01,ES,Spain,3.4192,96.8708,94.2038,79.8766
2023-06-01,ES,Spain,3.5534,99.3754,96.6651,82.7965
2023-07-01,ES,Spain,3.5869,100,98.7487,85.5856
2023-08-01,ES,Spain,3.5457,99.2314,99.5356,88.1648
2023-09-01,ES,Spain,3.469,97.8009,99.0108,90.5592
2023-10-01,ES,Spain,3.3986,96.4869,97.8398,92.6133
2023-11-01,ES,Spain,3.3114,94.8602,96.3827,94.1233
2023-12-01,ES,Spain,3.3413,95.4176,95.5883,95.2434
2024-01-01,ES,Spain,3.4447,97.3482,95.8753,96.1198
2024-02-01,ES,Spain,3.3723,95.9969,96.2542,96.5941
2024-03-01,ES,Spain,3.2665,94.0227,95.7893,96.7633
2024-04-01,ES,Spain,3.2083,92.9375,94.319,96.6957
2024-05-01,ES,Spain,3.0951,90.8253,92.5952,96.1919
2024-06-01,ES,Spain,3.0055,89.1533,90.972,95.3401
2024-07-01,ES,Spain,2.9588,88.2835,89.4207,94.3637
2024-08-01,ES,Spain,2.94,87.932,88.4563,93.4221
2024-09-01,ES,Spain,2.9055,87.288,87.8345,92.546
2024-10-01,ES,Spain,2.808,85.4692,86.8964,91.6279
2024-11-01,ES,Spain,2.6956,83.3722,85.3765,90.6705
2024-12-01,ES,Spain,2.5123,79.9531,82.9315,89.3818
2025-01-01,ES,Spain,2.2603,75.2517,79.5256,87.5405
2025-02-01,ES,Spain,2.1575,73.3346,76.1798,85.6519
2025-03-01,ES,Spain,2.1804,73.7617,74.116,83.9635
2025-04-01,ES,Spain,2.2148,74.4028,73.8331,82.419
2025-05-01,ES,Spain,2.2679,75.3934,74.5193,81.133
2025-06-01,ES,Spain,2.3441,76.8142,75.5368,80.1047
2025-07-01,ES,Spain,2.4679,79.1249,77.1108,79.3415
2025-08-01,ES,Spain,2.5882,81.3691,79.1027,78.7946
2025-09-01,ES,Spain,2.6648,82.7978,81.0973,78.4204
2025-10-01,ES,Spain,2.8279,85.8413,83.336,78.4514
2025-11-01,ES,Spain,3.1489,91.8285,86.8225,79.1561
2025-12-01,ES,Spain,3.3962,96.4428,91.3709,80.5302
2026-01-01,ES,Spain,3.4742,97.8975,95.3896,82.4174
2026-02-01,ES,Spain,3.5284,98.9094,97.7499,84.5486
2026-03-01,ES,Spain,3.5513,99.3366,98.7145,86.6799
2026-04-01,ES,Spain,3.5081,98.5298,98.9252,88.6904
2026-05-01,ES,Spain,3.4406,97.2714,98.3792,90.5136
2026-06-01,ES,Spain,3.3373,95.3433,97.0482,92.0577
2026-07-01,ES,Spain,3.1848,92.4993,95.038,93.1722
2026-08-01,ES,Spain,3.0427,89.8482,92.5636,93.8788
2004-01-01,FR,France,-1.9386,0.78,0.78,0.78
2004-02-01,FR,France,-1.9916,0,0.39,0.39
2004-03-01,FR,France,-1.938,0.7879,0.5226,0.5226
2004-04-01,FR,France,-1.8618,1.9086,0.8988,0.8691
2004-05-01,FR,France,-1.8267,2.4253,1.7073,1.1804
2004-06-01,FR,France,-1.7825,3.0739,2.4693,1.496
2004-07-01,FR,France,-1.7105,4.1336,3.2109,1.8728
2004-08-01,FR,France,-1.6886,4.455,3.8875,2.1956
2004-09-01,FR,France,-1.6914,4.414,4.3342,2.442
2004-10-01,FR,France,-1.6865,4.4858,4.4516,2.6464
2004-11-01,FR,France,-1.6807,4.5713,4.4904,2.8214
2004-12-01,FR,France,-1.674,4.6696,4.5756,2.9754
2005-01-01,FR,France,-1.6337,5.2623,4.8344,3.349
2005-02-01,FR,France,-1.5775,6.089,5.3403,3.8564
2005-03-01,FR,France,-1.5611,6.3294,5.8936,4.3182
2005-04-01,FR,France,-1.5801,6.0502,6.1562,4.6633
2005-05-01,FR,France,-1.579,6.0671,6.1489,4.9668
2005-06-01,FR,France,-1.5818,6.0251,6.0474,5.2127
2005-07-01,FR,France,-1.6215,5.4411,5.8444,5.3216
2005-08-01,FR,France,-1.6319,5.2886,5.5849,5.3911
2005-09-01,FR,France,-1.6206,5.4546,5.3947,5.4778
2005-10-01,FR,France,-1.6244,5.3989,5.3807,5.5539
2005-11-01,FR,France,-1.6373,5.21,5.3545,5.6071
2005-12-01,FR,France,-1.6669,4.7736,5.1275,5.6158
2006-01-01,FR,France,-1.7122,4.1076,4.697,5.5196
2006-02-01,FR,France,-1.7493,3.5626,4.1479,5.309
2006-03-01,FR,France,-1.7522,3.5204,3.7302,5.075
2006-04-01,FR,France,-1.7436,3.6468,3.5766,4.8747
2006-05-01,FR,France,-1.7449,3.6273,3.5982,4.6714
2006-06-01,FR,France,-1.7184,4.0177,3.7639,4.5041
2006-07-01,FR,France,-1.6666,4.778,4.141,4.4488
2006-08-01,FR,France,-1.6422,5.1371,4.6442,4.4362
2006-09-01,FR,France,-1.6424,5.1351,5.0167,4.4096
2006-10-01,FR,France,-1.6336,5.2639,5.1787,4.3983
2006-11-01,FR,France,-1.6112,5.5927,5.3306,4.4302
2006-12-01,FR,France,-1.5615,6.3242,5.7269,4.5594
2007-01-01,FR,France,-1.5025,7.1916,6.3695,4.8165
2007-02-01,FR,France,-1.4779,7.5536,7.0231,5.149
2007-03-01,FR,France,-1.4913,7.3556,7.3669,5.4686
2007-04-01,FR,France,-1.5172,6.9754,7.2949,5.746
2007-05-01,FR,France,-1.5559,6.4069,6.9126,5.9776
2007-06-01,FR,France,-1.6081,5.6393,6.3405,6.1128
2007-07-01,FR,France,-1.6388,5.1867,5.7443,6.1468
2007-08-01,FR,France,-1.6294,5.326,5.384,6.1626
2007-09-01,FR,France,-1.5972,5.7997,5.4375,6.218
2007-10-01,FR,France,-1.5612,6.3287,5.8181,6.3067
2007-11-01,FR,France,-1.5397,6.6446,6.2577,6.3944
2007-12-01,FR,France,-1.544,6.5819,6.5184,6.4158
2008-01-01,FR,France,-1.5399,6.641,6.6225,6.37
2008-02-01,FR,France,-1.4738,7.614,6.9457,6.375
2008-03-01,FR,France,-1.371,9.1245,7.7932,6.5224
2008-04-01,FR,France,-1.2047,11.5698,9.4361,6.9053
2008-05-01,FR,France,-1.0172,14.3268,11.6737,7.5653
2008-06-01,FR,France,-0.9209,15.7428,13.8798,8.4072
2008-07-01,FR,France,-0.917,15.8005,15.29,9.2917
2008-08-01,FR,France,-0.9335,15.5571,15.7001,10.1443
2008-09-01,FR,France,-0.9349,15.5377,15.6317,10.9558
2008-10-01,FR,France,-0.9446,15.3948,15.4965,11.7113
2008-11-01,FR,France,-0.9673,15.0613,15.3313,12.4127
2008-12-01,FR,France,-0.9733,14.9725,15.1428,13.1119
2009-01-01,FR,France,-0.9722,14.9885,15.0074,13.8075
2009-02-01,FR,France,-1.037,14.0358,14.6656,14.3427
2009-03-01,FR,France,-1.1333,12.6197,13.8813,14.6339
2009-04-01,FR,France,-1.2859,10.3765,12.344,14.5345
2009-05-01,FR,France,-1.42,8.4046,10.4669,14.041
2009-06-01,FR,France,-1.4133,8.5023,9.0945,13.4376
2009-07-01,FR,France,-1.313,9.9777,8.9616,12.9524
2009-08-01,FR,France,-1.2387,11.0705,9.8502,12.5785
2009-09-01,FR,France,-1.2071,11.535,10.8611,12.2449
2009-10-01,FR,France,-1.1601,12.2261,11.6105,11.9809
2009-11-01,FR,France,-1.0564,13.7508,12.504,11.8717
2009-12-01,FR,France,-0.9549,15.2423,13.7397,11.8942
2010-01-01,FR,France,-0.9351,15.5337,14.8423,11.9396
2010-02-01,FR,France,-0.8973,16.0892,15.6217,12.1107
2010-03-01,FR,France,-0.7718,17.9345,16.5191,12.5536
2010-04-01,FR,France,-0.6383,19.8985,17.9741,13.3471
2010-05-01,FR,France,-0.608,20.3439,19.3923,14.342
2010-06-01,FR,France,-0.6675,19.4686,19.9036,15.2559
2010-07-01,FR,France,-0.7357,18.4656,19.426,15.9632
2010-08-01,FR,France,-0.7594,18.1172,18.6838,16.5505
2010-09-01,FR,France,-0.7608,18.0963,18.2264,17.0972
2010-10-01,FR,France,-0.7968,17.5677,17.9271,17.5424
2010-11-01,FR,France,-0.891,16.1822,17.2821,17.745
2010-12-01,FR,France,-0.9565,15.2201,16.3233,17.7431
2011-01-01,FR,France,-0.9045,15.984,15.7955,17.7807
2011-02-01,FR,France,-0.8315,17.0579,16.0874,17.8614
2011-03-01,FR,France,-0.8565,16.6905,16.5775,17.7577
2011-04-01,FR,France,-0.8775,16.3812,16.7098,17.4646
2011-05-01,FR,France,-0.8157,17.2894,16.787,17.2101
2011-06-01,FR,France,-0.7699,17.9626,17.2111,17.0846
2011-07-01,FR,France,-0.7572,18.1492,17.8004,17.0582
2011-08-01,FR,France,-0.7366,18.4523,18.188,17.0861
2011-09-01,FR,France,-0.7009,18.978,18.5265,17.1596
2011-10-01,FR,France,-0.5957,20.5244,19.3182,17.406
2011-11-01,FR,France,-0.4108,23.243,20.9151,17.9944
2011-12-01,FR,France,-0.2592,25.4725,23.08,18.8487
2012-01-01,FR,France,-0.2078,26.2284,24.9813,19.7024
2012-02-01,FR,France,-0.2004,26.3361,26.0123,20.4756
2012-03-01,FR,France,-0.1758,26.6985,26.421,21.3096
2012-04-01,FR,France,-0.1533,27.0286,26.6877,22.1969
2012-05-01,FR,France,-0.1059,27.7266,27.1512,23.0667
2012-06-01,FR,France,0.0172,29.536,28.0971,24.0311
2012-07-01,FR,France,0.1163,30.9925,29.4184,25.1014
2012-08-01,FR,France,0.1328,31.2356,30.588,26.1667
2012-09-01,FR,France,0.1183,31.0232,31.0838,27.1704
2012-10-01,FR,France,0.0532,30.0648,30.7745,27.9655
2012-11-01,FR,France,-0.0926,27.9212,29.6697,28.3553
2012-12-01,FR,France,-0.2441,25.6935,27.8932,28.3737
2013-01-01,FR,France,-0.3387,24.3035,25.9727,28.2133
2013-02-01,FR,France,-0.3925,23.5128,24.5032,27.9781
2013-03-01,FR,France,-0.4304,22.9543,23.5902,27.666
2013-04-01,FR,France,-0.4727,22.3324,22.9332,27.2747
2013-05-01,FR,France,-0.5687,20.921,22.0693,26.7076
2013-06-01,FR,France,-0.7197,18.701,20.6515,25.8046
2013-07-01,FR,France,-0.8312,17.0618,18.8946,24.6438
2013-08-01,FR,France,-0.861,16.6234,17.4621,23.4261
2013-09-01,FR,France,-0.8549,16.7139,16.7997,22.2336
2013-10-01,FR,France,-0.8516,16.7614,16.6996,21.125
2013-11-01,FR,France,-0.8455,16.8511,16.7755,20.2025
2013-12-01,FR,France,-0.8376,16.9671,16.8599,19.4753
2014-01-01,FR,France,-0.835,17.0066,16.9416,18.8672
2014-02-01,FR,France,-0.8333,17.0306,17.0014,18.3271
2014-03-01,FR,France,-0.83,17.0798,17.039,17.8375
2014-04-01,FR,France,-0.8218,17.2006,17.1037,17.4099
2014-05-01,FR,France,-0.8191,17.2389,17.1731,17.103
2014-06-01,FR,France,-0.8175,17.263,17.2342,16.9832
2014-07-01,FR,France,-0.8125,17.3365,17.2795,17.0061
2014-08-01,FR,France,-0.8255,17.1451,17.2482,17.0496
2014-09-01,FR,France,-0.8533,16.7373,17.0729,17.0515
2014-10-01,FR,France,-0.8691,16.504,16.7954,17.03
2014-11-01,FR,France,-0.8501,16.7846,16.6753,17.0245
2014-12-01,FR,France,-0.7978,17.5522,16.9469,17.0733
2015-01-01,FR,France,-0.7594,18.1175,17.4848,17.1658
2015-02-01,FR,France,-0.7556,18.1729,17.9475,17.261
2015-03-01,FR,France,-0.7577,18.1422,18.1442,17.3496
2015-04-01,FR,France,-0.7477,18.2891,18.2014,17.4403
2015-05-01,FR,France,-0.7011,18.974,18.4685,17.5849
2015-06-01,FR,France,-0.6214,20.1471,19.1367,17.8252
2015-07-01,FR,France,-0.5465,21.2479,20.123,18.1512
2015-08-01,FR,France,-0.5002,21.9287,21.1079,18.5498
2015-09-01,FR,France,-0.4816,22.2023,21.793,19.0052
2015-10-01,FR,France,-0.4667,22.4216,22.1842,19.4983
2015-11-01,FR,France,-0.4738,22.3166,22.3135,19.9593
2015-12-01,FR,France,-0.5324,21.4555,22.0646,20.2846
2016-01-01,FR,France,-0.5884,20.631,21.4677,20.4941
2016-02-01,FR,France,-0.5946,20.5401,20.8756,20.6914
2016-03-01,FR,France,-0.5988,20.479,20.5501,20.8861
2016-04-01,FR,France,-0.6206,20.1589,20.3927,21.0419
2016-05-01,FR,France,-0.6317,19.9946,20.2109,21.127
2016-06-01,FR,France,-0.6484,19.7495,19.9677,21.0938
2016-07-01,FR,France,-0.6877,19.1711,19.6384,20.9208
2016-08-01,FR,France,-0.7144,18.7791,19.2332,20.6583
2016-09-01,FR,France,-0.713,18.7993,18.9165,20.3747
2016-10-01,FR,France,-0.7139,18.7866,18.7883,20.0718
2016-11-01,FR,France,-0.7232,18.65,18.7453,19.7662
2016-12-01,FR,France,-0.7272,18.5915,18.676,19.5276
2017-01-01,FR,France,-0.7345,18.4829,18.5748,19.3485
2017-02-01,FR,France,-0.7434,18.3524,18.4756,19.1662
2017-03-01,FR,France,-0.7284,18.5738,18.4697,19.0075
2017-04-01,FR,France,-0.6995,18.9987,18.6416,18.9108
2017-05-01,FR,France,-0.708,18.8727,18.815,18.8173
2017-06-01,FR,France,-0.7407,18.3926,18.7546,18.7042
2017-07-01,FR,France,-0.7606,18.0999,18.455,18.6149
2017-08-01,FR,France,-0.7681,17.9897,18.1607,18.5492
2017-09-01,FR,France,-0.7749,17.8893,17.993,18.4733
2017-10-01,FR,France,-0.795,17.5934,17.8241,18.3739
2017-11-01,FR,France,-0.8569,16.6841,17.389,18.2101
2017-12-01,FR,France,-0.8741,16.4303,16.9026,18.03
2018-01-01,FR,France,-0.8302,17.0759,16.7301,17.9127
2018-02-01,FR,France,-0.7789,17.8313,17.1125,17.8693
2018-03-01,FR,France,-0.7703,17.9567,17.6213,17.8179
2018-04-01,FR,France,-0.7632,18.0609,17.9496,17.7397
2018-05-01,FR,France,-0.7511,18.2396,18.0857,17.687
2018-06-01,FR,France,-0.7504,18.2498,18.1834,17.6751
2018-07-01,FR,France,-0.7393,18.4125,18.3006,17.7011
2018-08-01,FR,France,-0.6868,19.1853,18.6159,17.8008
2018-09-01,FR,France,-0.5989,20.4775,19.3584,18.0164
2018-10-01,FR,France,-0.4658,22.4345,20.6991,18.4199
2018-11-01,FR,France,-0.1404,27.2193,23.3771,19.2978
2018-12-01,FR,France,0.2744,33.3181,27.6573,20.7051
2019-01-01,FR,France,0.4932,36.5356,32.3577,22.3268
2019-02-01,FR,France,0.5535,37.4207,35.7581,23.9592
2019-03-01,FR,France,0.63,38.5461,37.5008,25.675
2019-04-01,FR,France,0.6667,39.0861,38.351,27.4271
2019-05-01,FR,France,0.6757,39.2184,38.9502,29.1753
2019-06-01,FR,France,0.6816,39.3049,39.2031,30.9299
2019-07-01,FR,France,0.6758,39.2196,39.2476,32.6638
2019-08-01,FR,France,0.6303,38.55,39.0248,34.2776
2019-09-01,FR,France,0.5183,36.9042,38.2246,35.6464
2019-10-01,FR,France,0.3861,34.9596,36.8046,36.6902
2019-11-01,FR,France,0.1404,31.3469,34.4036,37.0342
2019-12-01,FR,France,-0.1894,26.4986,30.935,36.4659
2020-01-01,FR,France,-0.3455,24.2037,27.3497,35.4382
2020-02-01,FR,France,-0.3348,24.3606,25.021,34.3499
2020-03-01,FR,France,-0.3755,23.7624,24.1089,33.1179
2020-04-01,FR,France,-0.3959,23.4617,23.8615,31.8159
2020-05-01,FR,France,-0.2764,25.219,24.1477,30.6493
2020-06-01,FR,France,0.0211,29.5938,26.0915,29.84
2020-07-01,FR,France,0.3688,34.7056,29.8394,29.4638
2020-08-01,FR,France,0.6145,38.3178,34.2057,29.4445
2020-09-01,FR,France,0.8123,41.2268,38.0834,29.8047
2020-10-01,FR,France,0.9942,43.9013,41.1486,30.5498
2020-11-01,FR,France,1.1253,45.8284,43.6522,31.7566
2020-12-01,FR,France,1.1709,46.4989,45.4095,33.4233
2021-01-01,FR,France,1.1796,46.627,46.3181,35.2919
2021-02-01,FR,France,1.1991,46.9139,46.68,37.1714
2021-03-01,FR,France,1.3604,49.2851,47.6087,39.2983
2021-04-01,FR,France,1.6082,52.9292,49.7094,41.7539
2021-05-01,FR,France,1.7105,54.4329,52.2157,44.1884
2021-06-01,FR,France,1.5753,52.446,53.2693,46.0927
2021-07-01,FR,France,1.3742,49.4883,52.1224,47.3246
2021-08-01,FR,France,1.3806,49.5829,50.5057,48.2634
2021-09-01,FR,France,1.6398,53.3935,50.8216,49.2773
2021-10-01,FR,France,1.9614,58.1224,53.6996,50.4624
2021-11-01,FR,France,2.2545,62.4325,57.9828,51.846
2021-12-01,FR,France,2.5629,66.9666,62.5072,53.5517
2022-01-01,FR,France,2.8794,71.6201,67.0064,55.6344
2022-02-01,FR,France,3.1848,76.1111,71.5659,58.0675
2022-03-01,FR,France,3.4261,79.6577,75.7963,60.5986
2022-04-01,FR,France,3.5912,82.0859,79.2849,63.0283
2022-05-01,FR,France,3.804,85.2147,82.3195,65.5935
2022-06-01,FR,France,4.1472,90.2609,85.8539,68.7447
2022-07-01,FR,France,4.56,96.3296,90.6018,72.6482
2022-08-01,FR,France,4.8096,100,95.5302,76.8496
2022-09-01,FR,France,4.769,99.4034,98.5777,80.6838
2022-10-01,FR,France,4.6217,97.2372,98.8802,83.9433
2022-11-01,FR,France,4.5462,96.127,97.5892,86.7512
2022-12-01,FR,France,4.5729,96.5193,96.6278,89.2139
2023-01-01,FR,France,4.6149,97.1377,96.5947,91.3404
2023-02-01,FR,France,4.5527,96.2232,96.6268,93.0164
2023-03-01,FR,France,4.4894,95.2926,96.2179,94.3193
2023-04-01,FR,France,4.5103,95.6001,95.7053,95.4455
2023-05-01,FR,France,4.5038,95.5044,95.4657,96.303
2023-06-01,FR,France,4.3637,93.4446,94.8497,96.5683
2023-07-01,FR,France,4.1083,89.6895,92.8795,96.0149
2023-08-01,FR,France,3.9242,86.9816,90.0386,94.9301
2023-09-01,FR,France,3.8563,85.9836,87.5516,93.8117
2023-10-01,FR,France,3.7837,84.9167,85.9606,92.785
2023-11-01,FR,France,3.7116,83.8556,84.9186,91.7624
2023-12-01,FR,France,3.6306,82.6652,83.8125,90.6079
2024-01-01,FR,France,3.5512,81.4969,82.6726,89.3045
2024-02-01,FR,France,3.5268,81.1394,81.7672,88.0475
2024-03-01,FR,France,3.3819,79.0082,80.5482,86.6905
2024-04-01,FR,France,3.048,74.0987,78.0821,84.8987
2024-05-01,FR,France,2.7377,69.536,74.2143,82.7347
2024-06-01,FR,France,2.5759,67.1575,70.2641,80.5441
2024-07-01,FR,France,2.5024,66.0772,67.5902,78.5764
2024-08-01,FR,France,2.3865,64.3721,65.8689,76.6923
2024-09-01,FR,France,2.2642,62.574,64.3411,74.7415
2024-10-01,FR,France,2.2717,62.6845,63.2102,72.8888
2024-11-01,FR,France,2.2497,62.3607,62.5397,71.0975
2024-12-01,FR,France,2.0819,59.8935,61.6462,69.1999
2025-01-01,FR,France,1.8458,56.4226,59.5589,67.1104
2025-02-01,FR,France,1.6294,53.2403,56.5188,64.7854
2025-03-01,FR,France,1.5065,51.4344,53.6991,62.4876
2025-04-01,FR,France,1.4346,50.3767,51.6838,60.5108
2025-05-01,FR,France,1.3108,48.5565,50.1225,58.7625
2025-06-01,FR,France,1.1402,46.0473,48.3268,57.0033
2025-07-01,FR,France,0.9848,43.7631,46.1223,55.1438
2025-08-01,FR,France,0.8585,41.9062,43.9055,53.2716
2025-09-01,FR,France,0.6698,39.1318,41.6004,51.3181
2025-10-01,FR,France,0.4183,35.4333,38.8238,49.0472
2025-11-01,FR,France,0.2507,32.9697,35.8449,46.5979
2025-12-01,FR,France,0.1964,32.1713,33.5248,44.2878
2026-01-01,FR,France,0.1641,31.6966,32.2792,42.2273
2026-02-01,FR,France,0.1274,31.1557,31.6745,40.3869
2026-03-01,FR,France,0.0909,30.6193,31.1572,38.6523
2026-04-01,FR,France,0.1451,31.4162,31.0637,37.0722
2026-05-01,FR,France,0.3344,34.1997,32.0784,35.8758
2026-06-01,FR,France,0.4767,36.2927,33.9695,35.063
2026-07-01,FR,France,0.4985,36.6131,35.7018,34.4671
2026-08-01,FR,France,0.4851,36.4162,36.4407,34.0096
2004-01-01,IT,Italy,-1.4305,0.3122,0.3122,0.3122
2004-02-01,IT,Italy,-1.4473,0,0.1561,0.1561
2004-03-01,IT,Italy,-1.4291,0.3384,0.2169,0.2169
2004-04-01,IT,Italy,-1.4296,0.3295,0.2227,0.245
2004-05-01,IT,Italy,-1.4389,0.1568,0.2749,0.2274
2004-06-01,IT,Italy,-1.4111,0.6725,0.3863,0.3016
2004-07-01,IT,Italy,-1.3514,1.7818,0.8704,0.513
2004-08-01,IT,Italy,-1.3297,2.1847,1.5463,0.722
2004-09-01,IT,Italy,-1.3439,1.9213,1.9626,0.8552
2004-10-01,IT,Italy,-1.3557,1.7025,1.9361,0.94
2004-11-01,IT,Italy,-1.3667,1.4973,1.707,0.9906
2004-12-01,IT,Italy,-1.3561,1.6939,1.6312,1.0492
2005-01-01,IT,Italy,-1.3243,2.2849,1.8254,1.2136
2005-02-01,IT,Italy,-1.3066,2.6142,2.1976,1.4315
2005-03-01,IT,Italy,-1.3053,2.638,2.5123,1.6231
2005-04-01,IT,Italy,-1.3012,2.7145,2.6556,1.8219
2005-05-01,IT,Italy,-1.2777,3.1509,2.8345,2.0714
2005-06-01,IT,Italy,-1.2546,3.5792,3.1482,2.3136
2005-07-01,IT,Italy,-1.28,3.1082,3.2794,2.4241
2005-08-01,IT,Italy,-1.2944,2.8406,3.176,2.4788
2005-09-01,IT,Italy,-1.2548,3.5759,3.1749,2.6167
2005-10-01,IT,Italy,-1.1984,4.6232,3.6799,2.8601
2005-11-01,IT,Italy,-1.1464,5.5875,4.5956,3.2009
2005-12-01,IT,Italy,-1.1342,5.8142,5.3417,3.5443
2006-01-01,IT,Italy,-1.1354,5.7918,5.7312,3.8365
2006-02-01,IT,Italy,-1.1132,6.2052,5.9371,4.1358
2006-03-01,IT,Italy,-1.0977,6.4924,6.1631,4.457
2006-04-01,IT,Italy,-1.0839,6.7488,6.4821,4.7932
2006-05-01,IT,Italy,-1.0811,6.8016,6.6809,5.0974
2006-06-01,IT,Italy,-1.1154,6.1637,6.5714,5.3128
2006-07-01,IT,Italy,-1.1353,5.7937,6.253,5.5366
2006-08-01,IT,Italy,-1.1361,5.7787,5.912,5.7814
2006-09-01,IT,Italy,-1.1552,5.425,5.6658,5.9355
2006-10-01,IT,Italy,-1.1881,4.8133,5.339,5.9513
2006-11-01,IT,Italy,-1.2199,4.2242,4.8208,5.8377
2006-12-01,IT,Italy,-1.2441,3.7738,4.2704,5.6677
2007-01-01,IT,Italy,-1.2767,3.168,3.722,5.449
2007-02-01,IT,Italy,-1.3025,2.6902,3.2106,5.1561
2007-03-01,IT,Italy,-1.2871,2.9765,2.9449,4.8631
2007-04-01,IT,Italy,-1.256,3.554,3.0735,4.5969
2007-05-01,IT,Italy,-1.2306,4.0241,3.5182,4.3654
2007-06-01,IT,Italy,-1.1874,4.8271,4.1351,4.254
2007-07-01,IT,Italy,-1.125,5.9864,4.9458,4.2701
2007-08-01,IT,Italy,-1.0705,6.9972,5.9369,4.3716
2007-09-01,IT,Italy,-1.0377,7.6063,6.8633,4.5534
2007-10-01,IT,Italy,-1.0143,8.0414,7.5483,4.8224
2007-11-01,IT,Italy,-0.9813,8.6538,8.1005,5.1916
2007-12-01,IT,Italy,-0.9154,9.8785,8.8579,5.7003
2008-01-01,IT,Italy,-0.8318,11.4303,9.9876,6.3888
2008-02-01,IT,Italy,-0.7775,12.4385,11.2491,7.2012
2008-03-01,IT,Italy,-0.7621,12.7244,12.1977,8.0135
2008-04-01,IT,Italy,-0.7672,12.6301,12.5977,8.7698
2008-05-01,IT,Italy,-0.7763,12.4606,12.605,9.4729
2008-06-01,IT,Italy,-0.7714,12.5514,12.5473,10.1166
2008-07-01,IT,Italy,-0.7676,12.6216,12.5445,10.6695
2008-08-01,IT,Italy,-0.7843,12.3124,12.4951,11.1124
2008-09-01,IT,Italy,-0.801,12.0029,12.3123,11.4788
2008-10-01,IT,Italy,-0.8132,11.7751,12.0301,11.79
2008-11-01,IT,Italy,-0.834,11.3898,11.7226,12.018
2008-12-01,IT,Italy,-0.8833,10.4732,11.2127,12.0675
2009-01-01,IT,Italy,-0.9541,9.1587,10.3406,11.8782
2009-02-01,IT,Italy,-1.0086,8.1476,9.2598,11.5206
2009-03-01,IT,Italy,-1.0455,7.461,8.2558,11.082
2009-04-01,IT,Italy,-1.0795,6.8303,7.4796,10.5987
2009-05-01,IT,Italy,-1.1095,6.2736,6.855,10.0831
2009-06-01,IT,Italy,-1.1551,5.426,6.1766,9.4894
2009-07-01,IT,Italy,-1.2098,4.4108,5.3701,8.8051
2009-08-01,IT,Italy,-1.2433,3.7893,4.542,8.0949
2009-09-01,IT,Italy,-1.2636,3.4125,3.8709,7.379
2009-10-01,IT,Italy,-1.28,3.1083,3.4367,6.6568
2009-11-01,IT,Italy,-1.2932,2.8627,3.1278,5.9462
2009-12-01,IT,Italy,-1.2995,2.745,2.9054,5.3022
2010-01-01,IT,Italy,-1.2945,2.8382,2.8153,4.7754
2010-02-01,IT,Italy,-1.2927,2.8709,2.818,4.3357
2010-03-01,IT,Italy,-1.2937,2.8523,2.8538,3.9517
2010-04-01,IT,Italy,-1.2874,2.9692,2.8975,3.6299
2010-05-01,IT,Italy,-1.2756,3.19,3.0038,3.3729
2010-06-01,IT,Italy,-1.2629,3.425,3.1947,3.2062
2010-07-01,IT,Italy,-1.2557,3.5577,3.3909,3.1351
2010-08-01,IT,Italy,-1.2599,3.4804,3.4877,3.1093
2010-09-01,IT,Italy,-1.2665,3.3588,3.4657,3.1049
2010-10-01,IT,Italy,-1.2709,3.2763,3.3719,3.1189
2010-11-01,IT,Italy,-1.2761,3.1799,3.2717,3.1453
2010-12-01,IT,Italy,-1.2832,3.0487,3.1683,3.1706
2011-01-01,IT,Italy,-1.2852,3.0107,3.0797,3.185
2011-02-01,IT,Italy,-1.2434,3.7867,3.282,3.2613
2011-03-01,IT,Italy,-1.1691,5.1664,3.9879,3.4541
2011-04-01,IT,Italy,-1.1321,5.853,4.9353,3.6945
2011-05-01,IT,Italy,-1.1311,5.8722,5.6305,3.918
2011-06-01,IT,Italy,-1.1203,6.0734,5.9329,4.1387
2011-07-01,IT,Italy,-1.0994,6.4609,6.1355,4.3806
2011-08-01,IT,Italy,-1.0753,6.9077,6.4807,4.6662
2011-09-01,IT,Italy,-1.0578,7.2341,6.8676,4.9892
2011-10-01,IT,Italy,-1.0481,7.4142,7.1853,5.334
2011-11-01,IT,Italy,-1.0429,7.5104,7.3862,5.6949
2011-12-01,IT,Italy,-1.0405,7.5555,7.4933,6.0704
2012-01-01,IT,Italy,-1.0457,7.4581,7.508,6.441
2012-02-01,IT,Italy,-1.1004,6.4415,7.1517,6.6623
2012-03-01,IT,Italy,-1.1912,4.7573,6.219,6.6282
2012-04-01,IT,Italy,-1.2459,3.7412,4.98,6.4522
2012-05-01,IT,Italy,-1.2633,3.4185,3.9723,6.2477
2012-06-01,IT,Italy,-1.2787,3.1324,3.4307,6.0026
2012-07-01,IT,Italy,-1.2975,2.782,3.1109,5.6961
2012-08-01,IT,Italy,-1.3202,2.3611,2.7585,5.3172
2012-09-01,IT,Italy,-1.3403,1.9885,2.3772,4.88
2012-10-01,IT,Italy,-1.3492,1.8231,2.0575,4.4141
2012-11-01,IT,Italy,-1.3205,2.3558,2.0558,3.9846
2012-12-01,IT,Italy,-1.2701,3.2921,2.4903,3.6293
2013-01-01,IT,Italy,-1.2402,3.8465,3.1648,3.3283
2013-02-01,IT,Italy,-1.2313,4.012,3.7169,3.1259
2013-03-01,IT,Italy,-1.2273,4.0859,3.9815,3.0699
2013-04-01,IT,Italy,-1.2203,4.2155,4.1045,3.1094
2013-05-01,IT,Italy,-1.2088,4.4296,4.2437,3.1937
2013-06-01,IT,Italy,-1.2009,4.577,4.4073,3.3141
2013-07-01,IT,Italy,-1.1958,4.6704,4.559,3.4714
2013-08-01,IT,Italy,-1.1868,4.839,4.6954,3.6779
2013-09-01,IT,Italy,-1.1516,5.492,5.0004,3.9699
2013-10-01,IT,Italy,-1.118,6.1165,5.4825,4.3277
2013-11-01,IT,Italy,-1.1305,5.884,5.8308,4.6217
2013-12-01,IT,Italy,-1.1792,4.98,5.6601,4.7623
2014-01-01,IT,Italy,-1.1925,4.7325,5.1988,4.8362
2014-02-01,IT,Italy,-1.134,5.8189,5.1771,4.9868
2014-03-01,IT,Italy,-1.0343,7.6707,6.0741,5.2855
2014-04-01,IT,Italy,-0.9345,9.5227,7.6708,5.7278
2014-05-01,IT,Italy,-0.8407,11.2641,9.4858,6.2973
2014-06-01,IT,Italy,-0.7877,12.2495,11.0121,6.9367
2014-07-01,IT,Italy,-0.741,13.1161,12.2099,7.6405
2014-08-01,IT,Italy,-0.6627,14.5694,13.3117,8.4514
2014-09-01,IT,Italy,-0.6306,15.1656,14.2837,9.2575
2014-10-01,IT,Italy,-0.6414,14.9653,14.9001,9.9949
2014-11-01,IT,Italy,-0.6506,14.7951,14.9753,10.7375
2014-12-01,IT,Italy,-0.588,15.9563,15.2389,11.6522
2015-01-01,IT,Italy,-0.4899,17.7792,16.1769,12.7394
2015-02-01,IT,Italy,-0.4887,17.8016,17.179,13.738
2015-03-01,IT,Italy,-0.559,16.4958,17.3588,14.4734
2015-04-01,IT,Italy,-0.6341,15.102,16.4665,14.9383
2015-05-01,IT,Italy,-0.7254,13.4067,15.0015,15.1169
2015-06-01,IT,Italy,-0.7724,12.5324,13.6803,15.1405
2015-07-01,IT,Italy,-0.7979,12.0591,12.666,15.0524
2015-08-01,IT,Italy,-0.8392,11.2934,11.9616,14.7794
2015-09-01,IT,Italy,-0.8744,10.6391,11.3305,14.4021
2015-10-01,IT,Italy,-0.862,10.8698,10.9341,14.0609
2015-11-01,IT,Italy,-0.8546,11.0058,10.8382,13.7451
2015-12-01,IT,Italy,-0.9318,9.5739,10.4832,13.2132
2016-01-01,IT,Italy,-1.0512,7.3553,9.3117,12.3446
2016-02-01,IT,Italy,-1.0798,6.8249,7.9181,11.4298
2016-03-01,IT,Italy,-1.0535,7.3141,7.1648,10.6647
2016-04-01,IT,Italy,-1.0395,7.5728,7.2373,10.0373
2016-05-01,IT,Italy,-1.02,7.9362,7.6077,9.5814
2016-06-01,IT,Italy,-1.0147,8.0343,7.8478,9.2066
2016-07-01,IT,Italy,-1.036,7.6382,7.8695,8.8381
2016-08-01,IT,Italy,-1.0496,7.3848,7.6858,8.5124
2016-09-01,IT,Italy,-1.0179,7.9745,7.6658,8.2904
2016-10-01,IT,Italy,-0.993,8.437,7.9321,8.0877
2016-11-01,IT,Italy,-0.9421,9.3817,8.5978,7.9523
2016-12-01,IT,Italy,-0.8625,10.8606,9.5598,8.0595
2017-01-01,IT,Italy,-0.8475,11.138,10.4601,8.3748
2017-02-01,IT,Italy,-0.8773,10.5842,10.860900000000001,8.688
2017-03-01,IT,Italy,-0.8835,10.4701,10.7308,8.951
2017-04-01,IT,Italy,-0.8548,11.003,10.6858,9.2369
2017-05-01,IT,Italy,-0.8094,11.8463,11.1065,9.5627
2017-06-01,IT,Italy,-0.7082,13.7251,12.1915,10.037
2017-07-01,IT,Italy,-0.5403,16.8421,14.1378,10.804
2017-08-01,IT,Italy,-0.4188,19.0992,16.5555,11.7802
2017-09-01,IT,Italy,-0.3754,19.9056,18.6156,12.7744
2017-10-01,IT,Italy,-0.3314,20.7213,19.9087,13.7981
2017-11-01,IT,Italy,-0.2896,21.4984,20.7084,14.8078
2017-12-01,IT,Italy,-0.2248,22.7018,21.6405,15.7946
2018-01-01,IT,Italy,-0.0529,25.8941,23.3648,17.0243
2018-02-01,IT,Italy,0.1178,29.0638,25.8866,18.5642
2018-03-01,IT,Italy,0.1773,30.1684,28.3754,20.2058
2018-04-01,IT,Italy,0.2049,30.6802,29.9708,21.8455
2018-05-01,IT,Italy,0.253,31.5743,30.8077,23.4895
2018-06-01,IT,Italy,0.2314,31.1717,31.1421,24.9434
2018-07-01,IT,Italy,0.1079,28.8785,30.5415,25.9464
2018-08-01,IT,Italy,0.0096,27.054,29.0347,26.6093
2018-09-01,IT,Italy,-0.0201,26.5024,27.4783,27.1591
2018-10-01,IT,Italy,-0.0391,26.1499,26.5688,27.6115
2018-11-01,IT,Italy,-0.0713,25.5519,26.068,27.9492
2018-12-01,IT,Italy,-0.1593,23.9183,25.2067,28.0506
2019-01-01,IT,Italy,-0.2906,21.4804,23.6502,27.6828
2019-02-01,IT,Italy,-0.356,20.2651,21.8879,26.9496
2019-03-01,IT,Italy,-0.2943,21.4102,21.0519,26.2197
2019-04-01,IT,Italy,-0.2428,22.3666,21.3473,25.5269
2019-05-01,IT,Italy,-0.2711,21.8419,21.8729,24.7159
2019-06-01,IT,Italy,-0.2807,21.6626,21.957,23.9235
2019-07-01,IT,Italy,-0.2207,22.7774,22.094,23.4151
2019-08-01,IT,Italy,-0.1577,23.9473,22.7958,23.1562
2019-09-01,IT,Italy,-0.1276,24.5064,23.7437,22.9898
2019-10-01,IT,Italy,-0.1057,24.9136,24.4558,22.8868
2019-11-01,IT,Italy,-0.0213,26.4805,25.3002,22.9642
2019-12-01,IT,Italy,0.1532,29.7212,27.0384,23.4478
2020-01-01,IT,Italy,0.2772,32.0237,29.4085,24.3264
2020-02-01,IT,Italy,0.2605,31.7128,31.1526,25.2804
2020-03-01,IT,Italy,0.1498,29.657,31.1312,25.9676
2020-04-01,IT,Italy,0.0646,28.0751,29.815,26.4433
2020-05-01,IT,Italy,0.0545,27.8868,28.5396,26.947
2020-06-01,IT,Italy,0.0541,27.8803,27.9474,27.4652
2020-07-01,IT,Italy,0.0376,27.5743,27.7805,27.8649
2020-08-01,IT,Italy,0.0347,27.5193,27.658,28.1626
2020-09-01,IT,Italy,0.0675,28.13,27.7412,28.4646
2020-10-01,IT,Italy,0.0971,28.6795,28.1096,28.7784
2020-11-01,IT,Italy,0.0527,27.8538,28.2211,28.8928
2020-12-01,IT,Italy,-0.0529,25.8931,27.4755,28.5738
2021-01-01,IT,Italy,-0.1014,24.9919,26.2463,27.9878
2021-02-01,IT,Italy,-0.0293,26.3321,25.739,27.5394
2021-03-01,IT,Italy,0.0891,28.5295,26.6178,27.4455
2021-04-01,IT,Italy,0.2038,30.6606,28.5074,27.6609
2021-05-01,IT,Italy,0.2901,32.2621,30.4841,28.0255
2021-06-01,IT,Italy,0.3626,33.6088,32.1772,28.5029
2021-07-01,IT,Italy,0.4351,34.9546,33.6085,29.1179
2021-08-01,IT,Italy,0.5203,36.538,35.0338,29.8695
2021-09-01,IT,Italy,0.6215,38.4157,36.6361,30.7266
2021-10-01,IT,Italy,0.6948,39.7768,38.2435,31.6514
2021-11-01,IT,Italy,0.7648,41.0764,39.7563,32.7533
2021-12-01,IT,Italy,0.8848,43.3047,41.386,34.2043
2022-01-01,IT,Italy,1.0338,46.0725,43.4845,35.961
2022-02-01,IT,Italy,1.211,49.3634,46.2469,37.8803
2022-03-01,IT,Italy,1.4483,53.7689,49.7349,39.9835
2022-04-01,IT,Italy,1.6743,57.966,53.6995,42.259
2022-05-01,IT,Italy,1.9082,62.308,58.0143,44.7628
2022-06-01,IT,Italy,2.1778,67.3148,62.5296,47.5717
2022-07-01,IT,Italy,2.4277,71.9563,67.193,50.6551
2022-08-01,IT,Italy,2.6449,75.9881,71.7531,53.9426
2022-09-01,IT,Italy,2.7953,78.7816,75.5753,57.3065
2022-10-01,IT,Italy,2.9754,82.1258,78.9652,60.8355
2022-11-01,IT,Italy,3.2226,86.7168,82.5414,64.6389
2022-12-01,IT,Italy,3.3999,90.0084,86.2836,68.5309
2023-01-01,IT,Italy,3.5237,92.3067,89.6773,72.3837
2023-02-01,IT,Italy,3.5753,93.2651,91.8601,76.0422
2023-03-01,IT,Italy,3.5242,92.3167,92.6295,79.2545
2023-04-01,IT,Italy,3.4992,91.8519,92.4779,82.0784
2023-05-01,IT,Italy,3.4925,91.7271,91.9652,84.5299
2023-06-01,IT,Italy,3.4993,91.8536,91.8109,86.5748
2023-07-01,IT,Italy,3.5873,93.4879,92.3562,88.3691
2023-08-01,IT,Italy,3.6606,94.8486,93.3967,89.9409
2023-09-01,IT,Italy,3.7426,96.3725,94.903,91.4068
2023-10-01,IT,Italy,3.8479,98.3272,96.5161,92.7569
2023-11-01,IT,Italy,3.8548,98.4551,97.7182,93.7351
2023-12-01,IT,Italy,3.8462,98.2962,98.3595,94.4257
2024-01-01,IT,Italy,3.8685,98.7095,98.4869,94.9593
2024-02-01,IT,Italy,3.8833,98.9844,98.6634,95.4359
2024-03-01,IT,Italy,3.9037,99.3637,99.0192,96.0231
2024-04-01,IT,Italy,3.9296,99.8443,99.3975,96.6892
2024-05-01,IT,Italy,3.938,100,99.736,97.3786
2024-06-01,IT,Italy,3.8499,98.3639,99.4027,97.9211
2024-07-01,IT,Italy,3.6355,94.3833,97.5824,97.9957
2024-08-01,IT,Italy,3.4048,90.099,94.2821,97.5999
2024-09-01,IT,Italy,3.1924,86.1558,90.2127,96.7485
2024-10-01,IT,Italy,2.9861,82.3242,86.193,95.415
2024-11-01,IT,Italy,2.8777,80.3117,82.9306,93.903
2024-12-01,IT,Italy,2.9035,80.7913,81.1424,92.4443
2025-01-01,IT,Italy,2.9045,80.8097,80.6376,90.9526
2025-02-01,IT,Italy,2.8601,79.9848,80.5286,89.3693
2025-03-01,IT,Italy,2.8456,79.7162,80.1702,87.732
2025-04-01,IT,Italy,2.8086,79.0283,79.5764,85.9974
2025-05-01,IT,Italy,2.7579,78.0861,78.9436,84.1712
2025-06-01,IT,Italy,2.74,77.7538,78.2894,82.4537
2025-07-01,IT,Italy,2.7776,78.4536,78.0978,81.1262
2025-08-01,IT,Italy,2.9085,80.8827,79.03,80.3582
2025-09-01,IT,Italy,3.0461,83.4392,80.9252,80.1318
2025-10-01,IT,Italy,3.1749,85.8304,83.3841,80.424
2025-11-01,IT,Italy,3.2921,88.006,85.7585,81.0652
2025-12-01,IT,Italy,3.2537,87.2941,87.0435,81.6071
2026-01-01,IT,Italy,3.1643,85.6339,86.978,82.0091
2026-02-01,IT,Italy,3.1718,85.7734,86.2338,82.4915
2026-03-01,IT,Italy,3.2303,86.8589,86.0887,83.0867
2026-04-01,IT,Italy,3.2719,87.632,86.7548,83.8037
2026-05-01,IT,Italy,3.2661,87.5241,87.3383,84.5902
2026-06-01,IT,Italy,3.2884,87.9386,87.6982,85.4389
2026-07-01,IT,Italy,3.341,88.9148,88.1258,86.3107
2026-08-01,IT,Italy,3.3078,88.2985,88.3839,86.9286
2004-01-01,NL,Netherlands,-2.2005,0.7092,0.7092,0.7092
2004-02-01,NL,Netherlands,-2.2504,0,0.3546,0.3546
2004-03-01,NL,Netherlands,-2.1972,0.7552,0.4881,0.4881
2004-04-01,NL,Netherlands,-2.1485,1.4476,0.7343,0.728
2004-05-01,NL,Netherlands,-2.1342,1.6504,1.2844,0.9125
2004-06-01,NL,Netherlands,-2.1255,1.7736,1.6239,1.056
2004-07-01,NL,Netherlands,-2.1014,2.117,1.847,1.2076
2004-08-01,NL,Netherlands,-2.0664,2.6146,2.1684,1.3835
2004-09-01,NL,Netherlands,-2.05,2.8477,2.5264,1.5461
2004-10-01,NL,Netherlands,-2.0697,2.5673,2.6765,1.6483
2004-11-01,NL,Netherlands,-2.0898,2.2809,2.5653,1.7058
2004-12-01,NL,Netherlands,-2.1009,2.1243,2.3242,1.7407
2005-01-01,NL,Netherlands,-2.0976,2.1706,2.192,1.8624
2005-02-01,NL,Netherlands,-2.0821,2.3911,2.2287,2.0617
2005-03-01,NL,Netherlands,-2.0701,2.5622,2.3746,2.2123
2005-04-01,NL,Netherlands,-2.0502,2.8442,2.5992,2.3287
2005-05-01,NL,Netherlands,-2.0213,3.2551,2.8872,2.4624
2005-06-01,NL,Netherlands,-2.0019,3.5306,3.21,2.6088
2005-07-01,NL,Netherlands,-1.9903,3.696,3.4939,2.7404
2005-08-01,NL,Netherlands,-1.9677,4.0159,3.7475,2.8572
2005-09-01,NL,Netherlands,-1.9304,4.5468,4.0862,2.9988
2005-10-01,NL,Netherlands,-1.8536,5.638,4.7336,3.2547
2005-11-01,NL,Netherlands,-1.7749,6.756,5.647,3.6276
2005-12-01,NL,Netherlands,-1.73,7.3936,6.5959,4.0667
2006-01-01,NL,Netherlands,-1.6771,8.146,7.4319,4.5646
2006-02-01,NL,Netherlands,-1.6378,8.7045,8.0814,5.0907
2006-03-01,NL,Netherlands,-1.6338,8.7605,8.537,5.6073
2006-04-01,NL,Netherlands,-1.6465,8.58,8.6816,6.0853
2006-05-01,NL,Netherlands,-1.6611,8.3733,8.5713,6.5118
2006-06-01,NL,Netherlands,-1.6577,8.4205,8.4579,6.9193
2006-07-01,NL,Netherlands,-1.645,8.6021,8.4653,7.3281
2006-08-01,NL,Netherlands,-1.6418,8.6477,8.5568,7.7141
2006-09-01,NL,Netherlands,-1.6502,8.528,8.5926,8.0459
2006-10-01,NL,Netherlands,-1.6966,7.8691,8.3483,8.2318
2006-11-01,NL,Netherlands,-1.7307,7.3832,7.9268,8.284
2006-12-01,NL,Netherlands,-1.6713,8.2273,7.8266,8.3535
2007-01-01,NL,Netherlands,-1.5922,9.3524,8.321,8.4541
2007-02-01,NL,Netherlands,-1.5078,10.5509,9.3769,8.6079
2007-03-01,NL,Netherlands,-1.4369,11.5581,10.4871,8.8411
2007-04-01,NL,Netherlands,-1.3894,12.2339,11.4476,9.1456
2007-05-01,NL,Netherlands,-1.3184,13.2421,12.3447,9.5513
2007-06-01,NL,Netherlands,-1.1948,14.9977,13.4912,10.0994
2007-07-01,NL,Netherlands,-1.0711,16.7562,14.9987,10.7789
2007-08-01,NL,Netherlands,-1.0043,17.7047,16.4862,11.5336
2007-09-01,NL,Netherlands,-0.9409,18.6066,17.6892,12.3735
2007-10-01,NL,Netherlands,-0.8125,20.4306,18.914,13.4203
2007-11-01,NL,Netherlands,-0.6695,22.4618,20.4996,14.6769
2007-12-01,NL,Netherlands,-0.5936,23.5402,22.1442,15.9529
2008-01-01,NL,Netherlands,-0.5733,23.8284,23.2768,17.159300000000002
2008-02-01,NL,Netherlands,-0.557,24.0611,23.8099,18.2851
2008-03-01,NL,Netherlands,-0.472,25.2689,24.3862,19.4277
2008-04-01,NL,Netherlands,-0.3371,27.1851,25.505,20.6736
2008-05-01,NL,Netherlands,-0.2652,28.2062,26.8868,21.9206
2008-06-01,NL,Netherlands,-0.3247,27.3616,27.5843,22.951
2008-07-01,NL,Netherlands,-0.414,26.0921,27.22,23.7289
2008-08-01,NL,Netherlands,-0.4238,25.9538,26.4692,24.4164
2008-09-01,NL,Netherlands,-0.4014,26.2722,26.1061,25.0552
2008-10-01,NL,Netherlands,-0.4243,25.9463,26.0575,25.5148
2008-11-01,NL,Netherlands,-0.484,25.0984,25.7723,25.7345
2008-12-01,NL,Netherlands,-0.5458,24.2193,25.088,25.7911
2009-01-01,NL,Netherlands,-0.5926,23.5551,24.2909,25.7684
2009-02-01,NL,Netherlands,-0.6426,22.8446,23.5397,25.667
2009-03-01,NL,Netherlands,-0.7463,21.3708,22.5902,25.3421
2009-04-01,NL,Netherlands,-0.887,19.3721,21.1958,24.691
2009-05-01,NL,Netherlands,-0.9687,18.2105,19.6511,23.8581
2009-06-01,NL,Netherlands,-0.9425,18.5832,18.7219,23.1265
2009-07-01,NL,Netherlands,-0.8875,19.3652,18.7196,22.566
2009-08-01,NL,Netherlands,-0.8988,19.2047,19.051,22.0035
2009-09-01,NL,Netherlands,-0.9618,18.3095,18.9598,21.34
2009-10-01,NL,Netherlands,-1.0071,17.6658,18.3934,20.6499
2009-11-01,NL,Netherlands,-1.0329,17.2989,17.7581,20
2009-12-01,NL,Netherlands,-1.072,16.7435,17.2361,19.377
2010-01-01,NL,Netherlands,-1.1059,16.262,16.7681,18.7692
2010-02-01,NL,Netherlands,-1.1226,16.0249,16.3435,18.2009
2010-03-01,NL,Netherlands,-1.1201,16.0598,16.1156,17.7583
2010-04-01,NL,Netherlands,-1.0911,16.472,16.1856,17.5167
2010-05-01,NL,Netherlands,-1.0668,16.8166,16.4495,17.4005
2010-06-01,NL,Netherlands,-1.0847,16.5631,16.6172,17.2322
2010-07-01,NL,Netherlands,-1.1275,15.954,16.4446,16.9479
2010-08-01,NL,Netherlands,-1.1153,16.1282,16.2151,16.6915
2010-09-01,NL,Netherlands,-1.0439,17.1423,16.4081,16.5943
2010-10-01,NL,Netherlands,-1.0122,17.5928,16.9544,16.5882
2010-11-01,NL,Netherlands,-1.0216,17.4588,17.3979,16.6015
2010-12-01,NL,Netherlands,-1.0105,17.6166,17.5561,16.6742
2011-01-01,NL,Netherlands,-0.9862,17.9616,17.679,16.8159
2011-02-01,NL,Netherlands,-0.9576,18.369,17.9824,17.0112
2011-03-01,NL,Netherlands,-0.9189,18.9189,18.4165,17.2495
2011-04-01,NL,Netherlands,-0.9023,19.1545,18.8141,17.473
2011-05-01,NL,Netherlands,-0.9219,18.8759,18.9831,17.6446
2011-06-01,NL,Netherlands,-0.9415,18.5975,18.876,17.8142
2011-07-01,NL,Netherlands,-0.9415,18.5973,18.6902,18.0344
2011-08-01,NL,Netherlands,-0.9751,18.1197,18.4382,18.2004
2011-09-01,NL,Netherlands,-1.056,16.9712,17.8961,18.1861
2011-10-01,NL,Netherlands,-1.0943,16.4269,17.1726,18.089
2011-11-01,NL,Netherlands,-1.0702,16.7693,16.7225,18.0315
2011-12-01,NL,Netherlands,-1.0432,17.152,16.7827,17.9928
2012-01-01,NL,Netherlands,-1.0346,17.2742,17.0652,17.9355
2012-02-01,NL,Netherlands,-1.0428,17.1584,17.1948,17.8346
2012-03-01,NL,Netherlands,-1.0616,16.8916,17.1081,17.6657
2012-04-01,NL,Netherlands,-1.0677,16.8041,16.9514,17.4698
2012-05-01,NL,Netherlands,-1.0492,17.0672,16.921,17.3191
2012-06-01,NL,Netherlands,-1.0256,17.4024,17.0912,17.2195
2012-07-01,NL,Netherlands,-1.014,17.5673,17.3456,17.1337
2012-08-01,NL,Netherlands,-1.0049,17.6972,17.5556,17.0985
2012-09-01,NL,Netherlands,-0.9821,18.0205,17.7617,17.1859
2012-10-01,NL,Netherlands,-0.9703,18.1878,17.9685,17.3327
2012-11-01,NL,Netherlands,-0.9984,17.7892,17.9991,17.4176
2012-12-01,NL,Netherlands,-1.0449,17.1288,17.7019,17.4157
2013-01-01,NL,Netherlands,-1.0798,16.6329,17.1836,17.3623
2013-02-01,NL,Netherlands,-1.0923,16.4545,16.7387,17.3036
2013-03-01,NL,Netherlands,-1.0945,16.4233,16.5036,17.2646
2013-04-01,NL,Netherlands,-1.1032,16.3001,16.3926,17.2226
2013-05-01,NL,Netherlands,-1.1253,15.9852,16.2362,17.1324
2013-06-01,NL,Netherlands,-1.1514,15.6148,15.9667,16.9835
2013-07-01,NL,Netherlands,-1.1759,15.2676,15.6225,16.7918
2013-08-01,NL,Netherlands,-1.1867,15.114,15.3322,16.5766
2013-09-01,NL,Netherlands,-1.1926,15.0294,15.137,16.3273
2013-10-01,NL,Netherlands,-1.2025,14.8885,15.0107,16.0524
2013-11-01,NL,Netherlands,-1.1989,14.9405,14.9528,15.815
2013-12-01,NL,Netherlands,-1.1834,15.1607,14.9965,15.651
2014-01-01,NL,Netherlands,-1.1769,15.252,15.1177,15.5359
2014-02-01,NL,Netherlands,-1.1851,15.1356,15.1828,15.426
2014-03-01,NL,Netherlands,-1.2026,14.8875,15.0917,15.298
2014-04-01,NL,Netherlands,-1.2233,14.5936,14.8722,15.1558
2014-05-01,NL,Netherlands,-1.2297,14.5023,14.6611,15.0322
2014-06-01,NL,Netherlands,-1.2211,14.6247,14.5735,14.9497
2014-07-01,NL,Netherlands,-1.2075,14.8184,14.6485,14.9123
2014-08-01,NL,Netherlands,-1.1906,15.0574,14.8335,14.9075
2014-09-01,NL,Netherlands,-1.1679,15.3807,15.0855,14.9368
2014-10-01,NL,Netherlands,-1.1503,15.6304,15.3562,14.9986
2014-11-01,NL,Netherlands,-1.1456,15.6971,15.5694,15.0617
2014-12-01,NL,Netherlands,-1.1253,15.9863,15.7713,15.1305
2015-01-01,NL,Netherlands,-1.0879,16.5166,16.0667,15.235900000000001
2015-02-01,NL,Netherlands,-1.0637,16.8618,16.4549,15.3797
2015-03-01,NL,Netherlands,-1.0432,17.1523,16.8436,15.5685
2015-04-01,NL,Netherlands,-1.0078,17.6551,17.223,15.8236
2015-05-01,NL,Netherlands,-0.9796,18.0559,17.6211,16.1197
2015-06-01,NL,Netherlands,-0.961,18.3199,18.0103,16.4276
2015-07-01,NL,Netherlands,-0.9247,18.8359,18.4039,16.7624
2015-08-01,NL,Netherlands,-0.8928,19.2895,18.8151,17.1151
2015-09-01,NL,Netherlands,-0.8774,19.5088,19.2114,17.4591
2015-10-01,NL,Netherlands,-0.8554,19.8213,19.5399,17.8084
2015-11-01,NL,Netherlands,-0.8231,20.2801,19.87,18.1903
2015-12-01,NL,Netherlands,-0.816,20.3806,20.1606,18.5565
2016-01-01,NL,Netherlands,-0.8374,20.0772,20.246,18.8532
2016-02-01,NL,Netherlands,-0.8499,19.8985,20.1188,19.1062
2016-03-01,NL,Netherlands,-0.8528,19.8571,19.9443,19.3316
2016-04-01,NL,Netherlands,-0.8631,19.7111,19.8222,19.503
2016-05-01,NL,Netherlands,-0.8689,19.629,19.7324,19.6341
2016-06-01,NL,Netherlands,-0.8797,19.4754,19.6052,19.7304
2016-07-01,NL,Netherlands,-0.9186,18.9222,19.3422,19.7376
2016-08-01,NL,Netherlands,-0.9581,18.3615,18.9197,19.6602
2016-09-01,NL,Netherlands,-0.9861,17.9643,18.416,19.5315
2016-10-01,NL,Netherlands,-1.0084,17.6466,17.9908,19.3503
2016-11-01,NL,Netherlands,-1.0225,17.4465,17.6858,19.1142
2016-12-01,NL,Netherlands,-1.0115,17.6025,17.5652,18.8827
2017-01-01,NL,Netherlands,-0.9661,18.2482,17.7657,18.7302
2017-02-01,NL,Netherlands,-0.9118,19.0194,18.29,18.657
2017-03-01,NL,Netherlands,-0.876,19.5286,18.9321,18.6296
2017-04-01,NL,Netherlands,-0.8507,19.888,19.4787,18.6444
2017-05-01,NL,Netherlands,-0.835,20.1111,19.8426,18.6845
2017-06-01,NL,Netherlands,-0.8241,20.2652,20.0881,18.7503
2017-07-01,NL,Netherlands,-0.7959,20.6667,20.3477,18.8957
2017-08-01,NL,Netherlands,-0.7555,21.2402,20.724,19.1356
2017-09-01,NL,Netherlands,-0.7154,21.8097,21.2389,19.4561
2017-10-01,NL,Netherlands,-0.6801,22.3114,21.7871,19.8448
2017-11-01,NL,Netherlands,-0.6604,22.5915,22.2375,20.2735
2017-12-01,NL,Netherlands,-0.6703,22.4504,22.4511,20.6775
2018-01-01,NL,Netherlands,-0.6974,22.0656,22.3692,20.9956
2018-02-01,NL,Netherlands,-0.7088,21.9042,22.14,21.236
2018-03-01,NL,Netherlands,-0.6809,22.3003,22.09,21.467
2018-04-01,NL,Netherlands,-0.6372,22.9208,22.3751,21.7198
2018-05-01,NL,Netherlands,-0.5869,23.6364,22.9525,22.0135
2018-06-01,NL,Netherlands,-0.5178,24.6176,23.7249,22.3762
2018-07-01,NL,Netherlands,-0.4509,25.5687,24.6076,22.7847
2018-08-01,NL,Netherlands,-0.401,26.2767,25.4877,23.2044
2018-09-01,NL,Netherlands,-0.351,26.987,26.2775,23.6359
2018-10-01,NL,Netherlands,-0.3001,27.7107,26.9914,24.0858
2018-11-01,NL,Netherlands,-0.2477,28.456,27.7179,24.5745
2018-12-01,NL,Netherlands,-0.188,29.3037,28.4901,25.1456
2019-01-01,NL,Netherlands,-0.1261,30.1831,29.3143,25.8221
2019-02-01,NL,Netherlands,-0.0684,31.0027,30.1632,26.5803
2019-03-01,NL,Netherlands,-0.0377,31.4395,30.8751,27.3419
2019-04-01,NL,Netherlands,-0.0165,31.7401,31.3941,28.0768
2019-05-01,NL,Netherlands,0.0348,32.4697,31.8831,28.813
2019-06-01,NL,Netherlands,0.1019,33.4221,32.544,29.5467
2019-07-01,NL,Netherlands,0.162,34.2762,33.3894,30.2723
2019-08-01,NL,Netherlands,0.215,35.0297,34.2427,31.0017
2019-09-01,NL,Netherlands,0.2687,35.7922,35.0327,31.7355
2019-10-01,NL,Netherlands,0.3243,36.5833,35.8017,32.4749
2019-11-01,NL,Netherlands,0.4022,37.6895,36.6883,33.2443
2019-12-01,NL,Netherlands,0.5281,39.478,37.917,34.0922
2020-01-01,NL,Netherlands,0.6391,41.0557,39.4078,34.9982
2020-02-01,NL,Netherlands,0.6671,41.4538,40.6625,35.8692
2020-03-01,NL,Netherlands,0.6599,41.3517,41.2871,36.6952
2020-04-01,NL,Netherlands,0.6501,41.212,41.3392,37.4845
2020-05-01,NL,Netherlands,0.6055,40.5787,41.0475,38.1603
2020-06-01,NL,Netherlands,0.5367,39.6007,40.4638,38.6751
2020-07-01,NL,Netherlands,0.4813,38.813,39.6641,39.0532
2020-08-01,NL,Netherlands,0.4316,38.1077,38.8405,39.3097
2020-09-01,NL,Netherlands,0.3541,37.0058,37.9755,39.4108
2020-10-01,NL,Netherlands,0.2583,35.6444,36.9193,39.3326
2020-11-01,NL,Netherlands,0.1424,33.9986,35.5496,39.025
2020-12-01,NL,Netherlands,-0.022,31.6617,33.7682,38.3737
2021-01-01,NL,Netherlands,-0.1518,29.8179,31.8261,37.4372
2021-02-01,NL,Netherlands,-0.1654,29.6251,30.3682,36.4514
2021-03-01,NL,Netherlands,-0.1155,30.3344,29.9258,35.5333
2021-04-01,NL,Netherlands,-0.0623,31.0903,30.3499,34.6899
2021-05-01,NL,Netherlands,-0.0164,31.7415,31.0554,33.9534
2021-06-01,NL,Netherlands,0.0277,32.3684,31.7334,33.3507
2021-07-01,NL,Netherlands,0.0883,33.2296,32.4465,32.8854
2021-08-01,NL,Netherlands,0.1572,34.2086,33.2689,32.5605
2021-09-01,NL,Netherlands,0.2441,35.443600000000004,34.2939,32.4303
2021-10-01,NL,Netherlands,0.3603,37.0938,35.582,32.5511
2021-11-01,NL,Netherlands,0.4698,38.6495,37.0623,32.9387
2021-12-01,NL,Netherlands,0.5553,39.8645,38.5359,33.6222
2022-01-01,NL,Netherlands,0.6346,40.9914,39.8351,34.5534
2022-02-01,NL,Netherlands,0.73740000000000006,42.4519,41.1026,35.6223
2022-03-01,NL,Netherlands,0.871,44.3513,42.5982,36.7904
2022-04-01,NL,Netherlands,1.0433,46.7991,44.5341,38.0994
2022-05-01,NL,Netherlands,1.2665,49.9702,47.0402,39.6185
2022-06-01,NL,Netherlands,1.4895,53.139,49.9694,41.3494
2022-07-01,NL,Netherlands,1.6759,55.7871,52.9654,43.2292
2022-08-01,NL,Netherlands,1.9093,59.104,56.01,45.3038
2022-09-01,NL,Netherlands,2.2028,63.2733,59.3881,47.6229
2022-10-01,NL,Netherlands,2.4816,67.2356,63.2043,50.1347
2022-11-01,NL,Netherlands,2.796,71.7023,67.4037,52.8891
2022-12-01,NL,Netherlands,3.2066,77.5359,72.1579,56.0284
2023-01-01,NL,Netherlands,3.6206,83.4191,77.5524,59.5641
2023-02-01,NL,Netherlands,3.8967,87.3414,82.7655,63.3049
2023-03-01,NL,Netherlands,4.0346,89.3007,86.6871,67.0506
2023-04-01,NL,Netherlands,4.1164,90.4642,89.0354,70.6894
2023-05-01,NL,Netherlands,4.1942,91.5686,90.4445,74.1559
2023-06-01,NL,Netherlands,4.2932,92.9759,91.6696,77.4757
2023-07-01,NL,Netherlands,4.3896,94.346,92.9635,80.6889
2023-08-01,NL,Netherlands,4.4523,95.2362,94.186,83.6999
2023-09-01,NL,Netherlands,4.5044,95.9761,95.1861,86.4252
2023-10-01,NL,Netherlands,4.5657,96.8473,96.0199,88.8928
2023-11-01,NL,Netherlands,4.6262,97.7073,96.8436,91.0599
2023-12-01,NL,Netherlands,4.6465,97.9961,97.5169,92.7649
2024-01-01,NL,Netherlands,4.5936,97.2441,97.6492,93.917
2024-02-01,NL,Netherlands,4.5538,96.6787,97.3063,94.6951
2024-03-01,NL,Netherlands,4.6328,97.8014,97.2414,95.4035
2024-04-01,NL,Netherlands,4.752,99.494,97.9914,96.156
2024-05-01,NL,Netherlands,4.7804,99.8987,99.0647,96.8502
2024-06-01,NL,Netherlands,4.77,99.751,99.7146,97.4148
2024-07-01,NL,Netherlands,4.7876,100,99.8832,97.8859
2024-08-01,NL,Netherlands,4.7492,99.4545,99.7352,98.2374
2024-09-01,NL,Netherlands,4.6358,97.8439,99.0995,98.3931
2024-10-01,NL,Netherlands,4.5446,96.5484,97.949,98.3682
2024-11-01,NL,Netherlands,4.425,94.8488,96.4137,98.13
2024-12-01,NL,Netherlands,4.272,92.6741,94.6904,97.6865
2025-01-01,NL,Netherlands,4.1831,91.4107,92.9779,97.2004
2025-02-01,NL,Netherlands,4.1714,91.2456,91.7768,96.7476
2025-03-01,NL,Netherlands,4.1253,90.5895,91.0819,96.1466
2025-04-01,NL,Netherlands,4.0039,88.8656,90.2336,95.2609
2025-05-01,NL,Netherlands,3.8999,87.388,88.9477,94.2183
2025-06-01,NL,Netherlands,3.8206,86.2608,87.5048,93.0942
2025-07-01,NL,Netherlands,3.7312,84.9907,86.2132,91.8434
2025-08-01,NL,Netherlands,3.6634,84.0268,85.0928,90.5577
2025-09-01,NL,Netherlands,3.5854,82.9186,83.9787,89.314
2025-10-01,NL,Netherlands,3.471,81.2935,82.7463,88.0427
2025-11-01,NL,Netherlands,3.339,79.4178,81.21,86.7568
2025-12-01,NL,Netherlands,3.1681,76.9891,79.2335,85.449700000000007
2026-01-01,NL,Netherlands,2.9771,74.2752,76.894,84.0218
2026-02-01,NL,Netherlands,2.7818,71.5013,74.2552,82.3764
2026-03-01,NL,Netherlands,2.5978,68.8864,71.5543,80.5678
2026-04-01,NL,Netherlands,2.5021,67.5263,69.3047,78.7895
2026-05-01,NL,Netherlands,2.4663,67.0175,67.8101,77.092
2026-06-01,NL,Netherlands,2.4015,66.0975,66.8804,75.4117
2026-07-01,NL,Netherlands,2.3261,65.0258,66.0469,73.748
2026-08-01,NL,Netherlands,2.235,63.731,64.9514,72.0567
2004-01-01,PL,Poland,-3.9517,0.1615,0.1615,0.1615
2004-02-01,PL,Poland,-3.9612,0,0.0807,0.0807
2004-03-01,PL,Poland,-3.9312,0.5082,0.2232,0.2232
2004-04-01,PL,Poland,-3.9087,0.8903,0.4662,0.39
2004-05-01,PL,Poland,-3.8929,1.1585,0.8523,0.5437
2004-06-01,PL,Poland,-3.8731,1.4924,1.1804,0.7018
2004-07-01,PL,Poland,-3.8561,1.781,1.4773,0.856
2004-08-01,PL,Poland,-3.8545,1.808,1.6938,0.975
2004-09-01,PL,Poland,-3.8471,1.9337,1.8409,1.0815
2004-10-01,PL,Poland,-3.8471,1.9339,1.8918,1.1667
2004-11-01,PL,Poland,-3.8516,1.8571,1.9082,1.2295
2004-12-01,PL,Poland,-3.8552,1.7958,1.8623,1.2767
2005-01-01,PL,Poland,-3.8527,1.8385,1.8305,1.4164
2005-02-01,PL,Poland,-3.8472,1.9313,1.8552,1.5774
2005-03-01,PL,Poland,-3.8448,1.9721,1.914,1.6994
2005-04-01,PL,Poland,-3.8434,1.9961,1.9665,1.7915
2005-05-01,PL,Poland,-3.8386,2.077,2.015,1.8681
2005-06-01,PL,Poland,-3.833,2.1723,2.0818,1.9247
2005-07-01,PL,Poland,-3.8285,2.2493,2.1662,1.9637
2005-08-01,PL,Poland,-3.8255,2.2989,2.2402,2.0047
2005-09-01,PL,Poland,-3.8239,2.3269,2.2917,2.0374
2005-10-01,PL,Poland,-3.8199,2.3943,2.3401,2.0758
2005-11-01,PL,Poland,-3.8136,2.5011,2.4075,2.1295
2005-12-01,PL,Poland,-3.8072,2.6101,2.5019,2.1973
2006-01-01,PL,Poland,-3.8034,2.6741,2.5951,2.267
2006-02-01,PL,Poland,-3.7984,2.7583,2.6808,2.3359
2006-03-01,PL,Poland,-3.7907,2.8881,2.7735,2.4122
2006-04-01,PL,Poland,-3.782,3.0356,2.894,2.4988
2006-05-01,PL,Poland,-3.7737,3.1771,3.0336,2.5905
2006-06-01,PL,Poland,-3.7639,3.343,3.1853,2.6881
2006-07-01,PL,Poland,-3.7225,4.0439,3.5214,2.8376
2006-08-01,PL,Poland,-3.6224,5.7396,4.3755,3.1244
2006-09-01,PL,Poland,-3.5265,7.3644,5.716,3.5442
2006-10-01,PL,Poland,-3.4574,8.5343,7.2128,4.0558
2006-11-01,PL,Poland,-3.3916,9.6491,8.5159,4.6515
2006-12-01,PL,Poland,-3.3029,11.1518,9.7784,5.3633
2007-01-01,PL,Poland,-3.1606,13.5619,11.4543,6.2706
2007-02-01,PL,Poland,-2.985,16.5377,13.7505,7.4189
2007-03-01,PL,Poland,-2.8347,19.0827,16.3941,8.7684
2007-04-01,PL,Poland,-2.696,21.4333,19.0179,10.3016
2007-05-01,PL,Poland,-2.5541,23.8363,21.4508,12.0232
2007-06-01,PL,Poland,-2.4042,26.3747,23.8815,13.9425
2007-07-01,PL,Poland,-2.283,28.4288,26.2133,15.9746
2007-08-01,PL,Poland,-2.1956,29.9099,28.2378,17.9887
2007-09-01,PL,Poland,-2.0764,31.9282,30.089,20.0357
2007-10-01,PL,Poland,-1.9101,34.746,32.1947,22.22
2007-11-01,PL,Poland,-1.7489,37.4766,34.7169,24.539
2007-12-01,PL,Poland,-1.6143,39.7563,37.3263,26.9227
2008-01-01,PL,Poland,-1.5174,41.3973,39.5434,29.2423
2008-02-01,PL,Poland,-1.4845,41.9556,41.0364,31.3605
2008-03-01,PL,Poland,-1.4509,42.5248,41.9593,33.314
2008-04-01,PL,Poland,-1.383,43.6749,42.7185,35.1675
2008-05-01,PL,Poland,-1.3042,45.0096,43.7365,36.9319
2008-06-01,PL,Poland,-1.2245,46.3596,45.0147,38.5973
2008-07-01,PL,Poland,-1.1679,47.3174,46.2289,40.1714
2008-08-01,PL,Poland,-1.1691,47.2984,46.9918,41.6204
2008-09-01,PL,Poland,-1.2121,46.5697,47.0618,42.8405
2008-10-01,PL,Poland,-1.2718,45.5585,46.4755,43.7416
2008-11-01,PL,Poland,-1.3323,44.5334,45.5539,44.3296
2008-12-01,PL,Poland,-1.3922,43.5178,44.5366,44.6431
2009-01-01,PL,Poland,-1.4818,41.9998,43.3503,44.6933
2009-02-01,PL,Poland,-1.5513,40.823,42.1135,44.5989
2009-03-01,PL,Poland,-1.5743,40.4344,41.0857,44.4247
2009-04-01,PL,Poland,-1.5808,40.3241,40.5272,44.1455
2009-05-01,PL,Poland,-1.5926,40.1239,40.2941,43.7383
2009-06-01,PL,Poland,-1.6586,39.0064,39.8181,43.1256
2009-07-01,PL,Poland,-1.7356,37.7019,38.9441,42.3243
2009-08-01,PL,Poland,-1.7967,36.6671,37.7918,41.4383
2009-09-01,PL,Poland,-1.8242,36.201,36.8567,40.5743
2009-10-01,PL,Poland,-1.779,36.9664,36.6115,39.8583
2009-11-01,PL,Poland,-1.6766,38.7014,37.2896,39.3723
2009-12-01,PL,Poland,-1.5528,40.7974,38.8217,39.1456
2010-01-01,PL,Poland,-1.3949,43.4722,40.9903,39.2683
2010-02-01,PL,Poland,-1.2067,46.6603,43.6433,39.7547
2010-03-01,PL,Poland,-1.0871,48.6867,46.2731,40.4424
2010-04-01,PL,Poland,-1.107,48.3501,47.899,41.1112
2010-05-01,PL,Poland,-1.1737,47.2198,48.0855,41.7026
2010-06-01,PL,Poland,-1.1442,47.7199,47.7632,42.4287
2010-07-01,PL,Poland,-0.9916,50.3038,48.4145,43.4788
2010-08-01,PL,Poland,-0.7419,54.5349,50.8528,44.9678
2010-09-01,PL,Poland,-0.5321,58.0873,54.3086,46.7917
2010-10-01,PL,Poland,-0.4547,59.3995,57.3406,48.6611
2010-11-01,PL,Poland,-0.4728,59.0934,58.8601,50.3604
2010-12-01,PL,Poland,-0.5277,58.163,58.8853,51.8076
2011-01-01,PL,Poland,-0.5705,57.4378,58.2314,52.9714
2011-02-01,PL,Poland,-0.6156,56.6743,57.425,53.8059
2011-03-01,PL,Poland,-0.5816,57.2489,57.1203,54.5194
2011-04-01,PL,Poland,-0.3978,60.3637,58.0957,55.5205
2011-05-01,PL,Poland,-0.1801,64.0511,60.5546,56.9231
2011-06-01,PL,Poland,-0.0512,66.2336,63.5495,58.4659
2011-07-01,PL,Poland,-0.0392,66.4383,65.5743,59.8105
2011-08-01,PL,Poland,-0.0897,65.5829,66.0849,60.7312
2011-09-01,PL,Poland,-0.1092,65.2512,65.7575,61.3281
2011-10-01,PL,Poland,-0.0593,66.0969,65.6437,61.8863
2011-11-01,PL,Poland,0.0749,68.3698,66.5726,62.6593
2011-12-01,PL,Poland,0.2308,71.0115,68.4927,63.73
2012-01-01,PL,Poland,0.3304,72.6981,70.6931,65.0017
2012-02-01,PL,Poland,0.4015,73.9026,72.5374,66.4374
2012-03-01,PL,Poland,0.4333,74.4417,73.6808,67.8701
2012-04-01,PL,Poland,0.4154,74.1384,74.1609,69.018
2012-05-01,PL,Poland,0.4195,74.2084,74.2628,69.8644
2012-06-01,PL,Poland,0.4607,74.9054,74.4174,70.5871
2012-07-01,PL,Poland,0.4872,75.3538,74.8225,71.3301
2012-08-01,PL,Poland,0.496,75.5038,75.2543,72.1568
2012-09-01,PL,Poland,0.5023,75.6098,75.4891,73.02
2012-10-01,PL,Poland,0.476,75.1656,75.4264,73.7757
2012-11-01,PL,Poland,0.4157,74.1428,74.9727,74.2568
2012-12-01,PL,Poland,0.377,73.487,74.2651,74.4631
2013-01-01,PL,Poland,0.3749,73.4529,73.6942,74.526
2013-02-01,PL,Poland,0.3787,73.517,73.4856,74.4939
2013-03-01,PL,Poland,0.3768,73.4849,73.485,74.4142
2013-04-01,PL,Poland,0.3587,73.1783,73.3934,74.3341
2013-05-01,PL,Poland,0.2934,72.0723,72.9118,74.1561
2013-06-01,PL,Poland,0.2282,70.9679,72.0728,73.828
2013-07-01,PL,Poland,0.2382,71.1363,71.3921,73.4765
2013-08-01,PL,Poland,0.2397,71.1612,71.0884,73.1147
2013-09-01,PL,Poland,0.2178,70.7917,71.0297,72.7131
2013-10-01,PL,Poland,0.2558,71.4353,71.1294,72.4023
2013-11-01,PL,Poland,0.2967,72.1279,71.4517,72.2344
2013-12-01,PL,Poland,0.3017,72.2122,71.9251,72.1282
2014-01-01,PL,Poland,0.3056,72.2784,72.2062,72.0303
2014-02-01,PL,Poland,0.3182,72.4911,72.3272,71.9448
2014-03-01,PL,Poland,0.3461,72.9636,72.5777,71.9013
2014-04-01,PL,Poland,0.4022,73.9147,73.1231,71.9627
2014-05-01,PL,Poland,0.4958,75.5001,74.1261,72.2484
2014-06-01,PL,Poland,0.578,76.8929,75.4359,72.7421
2014-07-01,PL,Poland,0.603,77.3159,76.5696,73.2571
2014-08-01,PL,Poland,0.6409,77.9579,77.3889,73.8235
2014-09-01,PL,Poland,0.7216,79.3254,78.199700000000007,74.5346
2014-10-01,PL,Poland,0.7667,80.0889,79.1241,75.2557
2014-11-01,PL,Poland,0.7813,80.3369,79.9171,75.9398
2014-12-01,PL,Poland,0.8081,80.7902,80.4054,76.6547
2015-01-01,PL,Poland,0.8407,81.3431,80.8234,77.4101
2015-02-01,PL,Poland,0.8636,81.7314,81.2882,78.1801
2015-03-01,PL,Poland,0.8809,82.0242,81.6995,78.9351
2015-04-01,PL,Poland,0.8975,82.3049,82.0202,79.6343
2015-05-01,PL,Poland,0.9063,82.4537,82.2609,80.2138
2015-06-01,PL,Poland,0.9034,82.4052,82.388,80.6731
2015-07-01,PL,Poland,0.9125,82.5596,82.4728,81.1101
2015-08-01,PL,Poland,0.9466,83.1363,82.7004,81.5417
2015-09-01,PL,Poland,0.9372,82.9779,82.8913,81.846
2015-10-01,PL,Poland,0.9051,82.4343,82.8495,82.0415
2015-11-01,PL,Poland,0.929,82.8378,82.75,82.2499
2015-12-01,PL,Poland,0.9594,83.3527,82.8749,82.4634
2016-01-01,PL,Poland,0.9669,83.4801,83.2235,82.6415
2016-02-01,PL,Poland,0.9801,83.704,83.5123,82.8059
2016-03-01,PL,Poland,0.9679,83.4967,83.5603,82.9286
2016-04-01,PL,Poland,0.9184,82.6597,83.2868,82.9582
2016-05-01,PL,Poland,0.8877,82.1391,82.7652,82.932
2016-06-01,PL,Poland,0.9082,82.4867,82.4285,82.9387
2016-07-01,PL,Poland,0.9517,83.2225,82.6161,82.994
2016-08-01,PL,Poland,0.9645,83.4391,83.0494,83.0192
2016-09-01,PL,Poland,0.985,83.7866,83.4828,83.0866
2016-10-01,PL,Poland,1.034,84.6172,83.9476,83.2685
2016-11-01,PL,Poland,1.0506,84.8981,84.434,83.4402
2016-12-01,PL,Poland,1.0516,84.9146,84.81,83.5704
2017-01-01,PL,Poland,1.0647,85.1365,84.9831,83.7084
2017-02-01,PL,Poland,1.0771,85.3463,85.1325,83.8453
2017-03-01,PL,Poland,1.1182,86.0429,85.5086,84.0574
2017-04-01,PL,Poland,1.1925,87.3026,86.2306,84.4444
2017-05-01,PL,Poland,1.2411,88.125,87.1568,84.9432
2017-06-01,PL,Poland,1.2523,88.3149,87.9141,85.4289
2017-07-01,PL,Poland,1.253,88.3269,88.2556,85.8542
2017-08-01,PL,Poland,1.262,88.4792,88.3737,86.2742
2017-09-01,PL,Poland,1.2779,88.7479,88.518,86.6877
2017-10-01,PL,Poland,1.2898,88.9505,88.7259,87.0488
2017-11-01,PL,Poland,1.3062,89.2275,88.9753,87.4096
2017-12-01,PL,Poland,1.3268,89.5767,89.2515,87.7981
2018-01-01,PL,Poland,1.3448,89.8822,89.5621,88.1935
2018-02-01,PL,Poland,1.3618,90.1691,89.876,88.5954
2018-03-01,PL,Poland,1.3774,90.4341,90.1618,88.9614
2018-04-01,PL,Poland,1.389,90.6299,90.411,89.2387
2018-05-01,PL,Poland,1.4004,90.8245,90.6295,89.4636
2018-06-01,PL,Poland,1.4112,91.0073,90.8206,89.688
2018-07-01,PL,Poland,1.4185,91.1306,90.9875,89.9216
2018-08-01,PL,Poland,1.4246,91.2337,91.1239,90.1512
2018-09-01,PL,Poland,1.4293,91.3134,91.2259,90.365
2018-10-01,PL,Poland,1.4317,91.3539,91.3003,90.5652
2018-11-01,PL,Poland,1.4308,91.3382,91.3351,90.7411
2018-12-01,PL,Poland,1.4309,91.3399,91.344,90.8881
2019-01-01,PL,Poland,1.4369,91.4428,91.3736,91.0181
2019-02-01,PL,Poland,1.4465,91.6043,91.4623,91.1377
2019-03-01,PL,Poland,1.4631,91.8856,91.6442,91.2587
2019-04-01,PL,Poland,1.4818,92.2024,91.8974,91.3897
2019-05-01,PL,Poland,1.4869,92.2895,92.1258,91.5118
2019-06-01,PL,Poland,1.4812,92.1922,92.228,91.6105
2019-07-01,PL,Poland,1.4749,92.0856,92.1891,91.6901
2019-08-01,PL,Poland,1.4706,92.0123,92.0967,91.755
2019-09-01,PL,Poland,1.4673,91.9568,92.0182,91.8086
2019-10-01,PL,Poland,1.4623,91.8715,91.9468,91.8517
2019-11-01,PL,Poland,1.46,91.8331,91.8871,91.893
2019-12-01,PL,Poland,1.4549,91.7463,91.8169,91.9269
2020-01-01,PL,Poland,1.441,91.5112,91.6968,91.9325
2020-02-01,PL,Poland,1.4191,91.1396,91.4657,91.8938
2020-03-01,PL,Poland,1.3518,90.0009,90.8839,91.7368
2020-04-01,PL,Poland,1.2491,88.2612,89.8006,91.4083
2020-05-01,PL,Poland,1.1903,87.2648,88.509,90.9896
2020-06-01,PL,Poland,1.1718,86.9519,87.4926,90.5529
2020-07-01,PL,Poland,1.1577,86.7123,86.9763,90.1052
2020-08-01,PL,Poland,1.1503,86.5867,86.7503,89.653
2020-09-01,PL,Poland,1.1433,86.4682,86.5891,89.1956
2020-10-01,PL,Poland,1.1323,86.2823,86.4457,88.7299
2020-11-01,PL,Poland,1.1192,86.0599,86.2702,88.2488
2020-12-01,PL,Poland,1.1041,85.804,86.0487,87.7536
2021-01-01,PL,Poland,1.0885,85.5411,85.8017,87.2561
2021-02-01,PL,Poland,1.0865,85.5067,85.6173,86.7867
2021-03-01,PL,Poland,1.1342,86.3142,85.7874,86.4795
2021-04-01,PL,Poland,1.2184,87.7411,86.5207,86.4361
2021-05-01,PL,Poland,1.2756,88.7092,87.5882,86.5565
2021-06-01,PL,Poland,1.3038,89.1881,88.5461,86.7428
2021-07-01,PL,Poland,1.3267,89.5756,89.1576,86.9814
2021-08-01,PL,Poland,1.3457,89.8974,89.5537,87.2573
2021-09-01,PL,Poland,1.3679,90.2731,89.9154,87.5744
2021-10-01,PL,Poland,1.3985,90.7913,90.3206,87.9501
2021-11-01,PL,Poland,1.4378,91.4579,90.8408,88.4
2021-12-01,PL,Poland,1.5052,92.599,91.6161,88.9662
2022-01-01,PL,Poland,1.5957,94.1322,92.7297,89.6822
2022-02-01,PL,Poland,1.663,95.2725,94.0012,90.496
2022-03-01,PL,Poland,1.7029,95.9483,95.1177,91.2988
2022-04-01,PL,Poland,1.7394,96.5667,95.9292,92.0343
2022-05-01,PL,Poland,1.7745,97.1603,96.5585,92.7385
2022-06-01,PL,Poland,1.8095,97.7535,97.1602,93.4523
2022-07-01,PL,Poland,1.8494,98.4289,97.7809,94.1901
2022-08-01,PL,Poland,1.886,99.0503,98.4109,94.9528
2022-09-01,PL,Poland,1.9119,99.4889,98.9894,95.7208
2022-10-01,PL,Poland,1.9309,99.8095,99.4496,96.4723
2022-11-01,PL,Poland,1.9421,100,99.7661,97.1842
2022-12-01,PL,Poland,1.9285,99.77,99.8598,97.7818
2023-01-01,PL,Poland,1.8965,99.2278,99.6659,98.2064
2023-02-01,PL,Poland,1.8829,98.9973,99.3317,98.5168
2023-03-01,PL,Poland,1.8799,98.9468,99.0573,98.7667
2023-04-01,PL,Poland,1.8667,98.7221,98.8887,98.9463
2023-05-01,PL,Poland,1.8572,98.5614,98.7434,99.063
2023-06-01,PL,Poland,1.8512,98.46,98.5812,99.1219
2023-07-01,PL,Poland,1.8372,98.2224,98.4146,99.1047
2023-08-01,PL,Poland,1.8243,98.0047,98.229,99.0176
2023-09-01,PL,Poland,1.819,97.9139,98.047,98.8863
2023-10-01,PL,Poland,1.8198,97.9289,97.9492,98.7296
2023-11-01,PL,Poland,1.8263,98.0387,97.9605,98.5662
2023-12-01,PL,Poland,1.8292,98.0871,98.0182,98.4259
2024-01-01,PL,Poland,1.8223,97.9698,98.0319,98.3211
2024-02-01,PL,Poland,1.8096,97.7558,97.9376,98.2176
2024-03-01,PL,Poland,1.8018,97.6233,97.783,98.1073
2024-04-01,PL,Poland,1.7989,97.574700000000007,97.6513,98.0117
2024-05-01,PL,Poland,1.7923,97.4621,97.5533,97.9201
2024-06-01,PL,Poland,1.782,97.2886,97.4418,97.8225
2024-07-01,PL,Poland,1.7727,97.1303,97.2936,97.7315
2024-08-01,PL,Poland,1.7628,96.9628,97.1272,97.6447
2024-09-01,PL,Poland,1.7531,96.7978,96.9636,97.5517
2024-10-01,PL,Poland,1.7473,96.6993,96.82,97.4492
2024-11-01,PL,Poland,1.7402,96.579,96.692,97.3275
2024-12-01,PL,Poland,1.7234,96.2955,96.5246,97.1782
2025-01-01,PL,Poland,1.7088,96.0482,96.3076,97.0181
2025-02-01,PL,Poland,1.7018,95.9288,96.0908,96.8659
2025-03-01,PL,Poland,1.6906,95.7403,95.9058,96.7089
2025-04-01,PL,Poland,1.672,95.4237,95.6976,96.5297
2025-05-01,PL,Poland,1.6547,95.1307,95.4316,96.3354
2025-06-01,PL,Poland,1.6451,94.9696,95.1747,96.1422
2025-07-01,PL,Poland,1.6408,94.8959,94.9987,95.956
2025-08-01,PL,Poland,1.6341,94.7827,94.8827,95.7743
2025-09-01,PL,Poland,1.6249,94.6259,94.7682,95.5933
2025-10-01,PL,Poland,1.591,94.0531,94.4872,95.3728
2025-11-01,PL,Poland,1.5346,93.0962,93.9251,95.0825
2025-12-01,PL,Poland,1.5046,92.5882,93.2458,94.7736
2026-01-01,PL,Poland,1.4937,92.404,92.6962,94.4699
2026-02-01,PL,Poland,1.4761,92.1063,92.3662,94.1514
2026-03-01,PL,Poland,1.4604,91.8398,92.1167,93.8263
2026-04-01,PL,Poland,1.452,91.6983,91.8815,93.5159
2026-05-01,PL,Poland,1.4464,91.6025,91.7136,93.2219
2026-06-01,PL,Poland,1.436,91.4275,91.5761,92.9267
2026-07-01,PL,Poland,1.4232,91.2106,91.4135,92.6196
2026-08-01,PL,Poland,1.4133,91.0417,91.2266,92.3079
